Dataset,Filename,SHA256_Hash,Is_Duplicate,Duplicate_Of
instagram_data,insta12918.jpg,408dfc46de83f9fc0b7241d9cdcce768c1b2102d670c06aeb1791dbeca2e5aeb,True,insta12917.jpg
instagram_data,insta12982.jpg,66aa877dea55fbf3fa07c9c5b21627bd018b91c91daa859bc371a82b2c16c601,True,insta12981.jpg
instagram_data,insta12983.jpg,66aa877dea55fbf3fa07c9c5b21627bd018b91c91daa859bc371a82b2c16c601,True,insta12981.jpg
instagram_data,insta13010.jpg,a0955e9e5154bcc42c1610560737011f0c92224888996c62baea8b80c50262de,True,insta12995.jpg
instagram_data,insta13071.jpg,f72cc3c0a6b3d0e91e8fe80a3db397e868e72d1e8d2c6176ed95d9a81af97426,True,insta13070.jpg
instagram_data,insta13072.jpg,f72cc3c0a6b3d0e91e8fe80a3db397e868e72d1e8d2c6176ed95d9a81af97426,True,insta13070.jpg
instagram_data,insta13076.jpg,1b60d0e34e67cbaa021cff1ec24ba8dd0ae5b53ff35ca3f4d610e0c8e76c2a7f,True,insta13074.jpg
instagram_data,insta13082.jpg,6c7e2de52e8ca2525e761f8d2f5194398c69818410df8ac9881d2c392203ece2,True,insta13079.jpg
instagram_data,insta13083.jpg,6c7e2de52e8ca2525e761f8d2f5194398c69818410df8ac9881d2c392203ece2,True,insta13079.jpg
instagram_data,insta13084.jpg,6c7e2de52e8ca2525e761f8d2f5194398c69818410df8ac9881d2c392203ece2,True,insta13079.jpg
instagram_data,insta13085.jpg,25aedcc2f0b10c688ca8062b08b911297f647d2a880f46dec28b024de584ad26,True,insta13078.jpg
instagram_data,insta13089.jpg,709eab32079d78928a87fc81d949038d8043ec231f31bf298d110517f6744b62,True,insta13088.jpg
instagram_data,insta13090.jpg,709eab32079d78928a87fc81d949038d8043ec231f31bf298d110517f6744b62,True,insta13088.jpg
instagram_data,insta13092.jpg,25aedcc2f0b10c688ca8062b08b911297f647d2a880f46dec28b024de584ad26,True,insta13078.jpg
instagram_data,insta13095.jpg,25aedcc2f0b10c688ca8062b08b911297f647d2a880f46dec28b024de584ad26,True,insta13078.jpg
instagram_data,insta13096.jpg,a0955e9e5154bcc42c1610560737011f0c92224888996c62baea8b80c50262de,True,insta12995.jpg
instagram_data,insta13098.jpg,a0955e9e5154bcc42c1610560737011f0c92224888996c62baea8b80c50262de,True,insta12995.jpg
instagram_data,insta13100.jpg,25aedcc2f0b10c688ca8062b08b911297f647d2a880f46dec28b024de584ad26,True,insta13078.jpg
instagram_data,insta13102.jpg,25aedcc2f0b10c688ca8062b08b911297f647d2a880f46dec28b024de584ad26,True,insta13078.jpg
instagram_data,insta13107.jpg,25aedcc2f0b10c688ca8062b08b911297f647d2a880f46dec28b024de584ad26,True,insta13078.jpg
instagram_data,insta13108.jpg,25aedcc2f0b10c688ca8062b08b911297f647d2a880f46dec28b024de584ad26,True,insta13078.jpg
instagram_data,insta13109.jpg,25aedcc2f0b10c688ca8062b08b911297f647d2a880f46dec28b024de584ad26,True,insta13078.jpg
instagram_data,insta13111.jpg,25aedcc2f0b10c688ca8062b08b911297f647d2a880f46dec28b024de584ad26,True,insta13078.jpg
instagram_data,insta13130.jpg,854c8da09c0d4cdb6e855ec8b06dbfdea824d81c6fb285e14180733a3ad8e29f,True,insta13129.jpg
instagram_data,insta13131.jpg,854c8da09c0d4cdb6e855ec8b06dbfdea824d81c6fb285e14180733a3ad8e29f,True,insta13129.jpg
instagram_data,insta13141.jpg,854c8da09c0d4cdb6e855ec8b06dbfdea824d81c6fb285e14180733a3ad8e29f,True,insta13129.jpg
instagram_data,insta13142.jpg,14a0582f1191c5e206ee3d78c227973ff621142169a1ef5d42dbef8181c7eba5,True,insta13140.jpg
instagram_data,insta13425.jpg,e1def60817db0fe61ea2e1668242671fde144cd869865b06491b1307b4bfc330,True,insta13423.jpg
instagram_data,insta13440.jpg,b4820932f91221b3d8937195b50def3c48deb427cb1a022f3fb9a125aec186b3,True,insta13433.jpg
instagram_data,insta13692.jpg,b7f5ac82c2bfec17b9468bad0b8493c9da3c73fee48db78d99e03bc3199061b7,True,insta13691.jpg
instagram_data,insta13693.jpg,b7f5ac82c2bfec17b9468bad0b8493c9da3c73fee48db78d99e03bc3199061b7,True,insta13691.jpg
instagram_data,insta13694.jpg,b7f5ac82c2bfec17b9468bad0b8493c9da3c73fee48db78d99e03bc3199061b7,True,insta13691.jpg
instagram_data,insta13695.jpg,b7f5ac82c2bfec17b9468bad0b8493c9da3c73fee48db78d99e03bc3199061b7,True,insta13691.jpg
instagram_data,insta13696.jpg,b7f5ac82c2bfec17b9468bad0b8493c9da3c73fee48db78d99e03bc3199061b7,True,insta13691.jpg
instagram_data,insta13697.jpg,b7f5ac82c2bfec17b9468bad0b8493c9da3c73fee48db78d99e03bc3199061b7,True,insta13691.jpg
instagram_data,insta13698.jpg,b7f5ac82c2bfec17b9468bad0b8493c9da3c73fee48db78d99e03bc3199061b7,True,insta13691.jpg
instagram_data,insta13699.jpg,b7f5ac82c2bfec17b9468bad0b8493c9da3c73fee48db78d99e03bc3199061b7,True,insta13691.jpg
instagram_data,insta13700.jpg,b7f5ac82c2bfec17b9468bad0b8493c9da3c73fee48db78d99e03bc3199061b7,True,insta13691.jpg
instagram_data,insta13907.jpg,72d076509033a5de2252021eb4604c1629a765488283b1983ed4aba41c0a2479,True,insta13903.jpg
instagram_data,insta14856.jpg,8750e3870d222cfbd795f1f70dcbb82ed999971c7b9903f3e155042720c56d3b,True,insta14851.jpg
instagram_data,insta14879.jpg,4219425a1698c9e9056caea522e029b0175d38d939b3a5f4d0e524e92ba41ce6,True,insta14857.jpg
instagram_data,insta14900.jpg,4219425a1698c9e9056caea522e029b0175d38d939b3a5f4d0e524e92ba41ce6,True,insta14857.jpg
instagram_data,insta14901.jpg,4219425a1698c9e9056caea522e029b0175d38d939b3a5f4d0e524e92ba41ce6,True,insta14857.jpg
instagram_data,insta14906.jpg,4219425a1698c9e9056caea522e029b0175d38d939b3a5f4d0e524e92ba41ce6,True,insta14857.jpg
instagram_data,insta14912.jpg,d33253335dd277d2fcd0cdf218a0edd8c833d86fd206e301143b6fb26aee2dee,True,insta14909.jpg
instagram_data,insta14915.jpg,8750e3870d222cfbd795f1f70dcbb82ed999971c7b9903f3e155042720c56d3b,True,insta14851.jpg
instagram_data,insta16162.jpg,2754a8328bc17ad0056d5d314d110b108e82100b87d0c47463369d1119fba7b8,True,insta16160.jpg
instagram_data,insta16163.jpg,9613f77c6864fa81be90b60a46ee4ca0552754f84d56c5aa009055c3fa62e129,True,insta16148.jpg
instagram_data,insta16169.jpg,2754a8328bc17ad0056d5d314d110b108e82100b87d0c47463369d1119fba7b8,True,insta16160.jpg
instagram_data,insta16175.jpg,56f35a2c76ed7e1dae5f22b2b2452878376711cfc7fb487c72f476ad71f1dc19,True,insta16168.jpg
instagram_data,insta16297.jpg,f5e978fdc97d9688a7498d3c1adb8788e2cb94b210e96d8eb52c8d896a3f8e37,True,insta16295.jpg
instagram_data,insta16468.jpg,dc25252d59f7405461e2d6aa6f31dfff11850ce3bceb538b1c1f48ab3d8c9450,True,insta16467.jpg
instagram_data,insta16530.jpg,00fd4ddf298b82a35e5c0f484c42ae9bcf2321a277836d4a72c2771076d8ca7e,True,insta16525.jpg
instagram_data,insta213.jpg,6ad6d74a77009fe52763b8b91f7e1fd6f834ed37b40277f010df5f43066ed3fe,True,insta211.jpg
instagram_data,insta231.jpg,83d0cda14b8f01ca5667095f1adc7aac748626009ebe51bc7000a8e2b992524d,True,insta229.jpg
instagram_data,insta5243.jpg,b6f4882eb134303b85e05bcc7b8730410a22d03774bff9144a707468a91b84f8,True,insta5237.jpg
instagram_data,insta6451.jpg,d45ded4cd164a6a210351cb37e196bc35071e03fef31c7270e78fc20dc0e1c32,True,insta6443.jpg
instagram_data2,insta24890.jpg,0ad673342587306ac821d05274901b53ca566674e85095f759d61a0aa6dcc5c4,True,insta24889.jpg
instagram_data2,insta25066.jpg,9a38e015aa3ad64210372070f1e3e56b77d4fc45e2dc42a2f51118e5a86d478c,True,insta25065.jpg
instagram_data2,insta25314.jpg,2aece73653dc98fafe45271f46093e80b846150bde6edf67ca8a86ce38d2e404,True,insta25303.jpg
instagram_data2,insta25463.jpg,30a7f1d39c2a49ad3ff47e6dcc2e8ddd179562f7ae00f64cad5ba767bef36ecd,True,insta25462.jpg
instagram_data2,insta25464.jpg,30a7f1d39c2a49ad3ff47e6dcc2e8ddd179562f7ae00f64cad5ba767bef36ecd,True,insta25462.jpg
instagram_data2,insta25485.jpg,c51b681e139b2b3651289ce5b56ddbfee577c5e6b40f796eb21d5683c53f218f,True,insta25484.jpg
instagram_data2,insta25601.jpg,196b6e962fd443b7f0ff529bb3ce80e0ecbfea7162e38a1cc3f03bc62587a0d5,True,insta25583.jpg
instagram_data2,insta26290.jpg,914e227e7cc48400a536bd6e231f8448cf31134db43a25881eac0328522ce478,True,insta26280.jpg
instagram_data2,insta29111.jpg,eb35bc155f77b078654adad4b1f897a648089346e3d54e314e7755625ddea5c1,True,insta28326.jpg
instagram_data2,insta29482.jpg,f48ea16b536e1eb9ebcd8a1eac2d4185c7601d975f4e51800fe7b73b6c84df39,True,insta28414.jpg
instagram_data2,insta30625.jpg,c63a5de0dcb50c547e0ee26ee3de26ba37a62ce69e917d59117e374b29ac511f,True,insta30623.jpg
