feature_index,variance
184,4.1895127
1409,1.9746892
156,1.8877298
1148,1.8549193
7,1.7836548
190,1.5975792
1154,1.2630312
1591,1.207364
1967,1.1342216
1536,1.0053439
1454,0.93670577
465,0.9255691
1408,0.9057882
160,0.882969
821,0.8695715
1252,0.85561424
1926,0.8519599
1160,0.8456611
1575,0.82791334
1499,0.82237
1574,0.8184447
173,0.8170943
107,0.8163304
1436,0.8069056
101,0.7975409
792,0.77672654
594,0.75989467
692,0.7586226
519,0.75611514
109,0.7516602
548,0.7474189
1832,0.73109466
1945,0.69235533
81,0.6456675
115,0.6141153
158,0.5503777
1457,0.5500486
1058,0.54465115
49,0.5242599
84,0.5200758
1216,0.5147855
1351,0.5009509
1146,0.49903867
142,0.4937151
1539,0.49007007
2034,0.47490305
1975,0.46622503
123,0.46461818
1187,0.46370548
809,0.46286598
133,0.44785905
1316,0.44538537
2025,0.44035953
549,0.44003952
578,0.43136993
762,0.42938507
1092,0.4290597
103,0.42750457
1531,0.4268314
1633,0.42519215
1688,0.41392118
765,0.41315404
777,0.40497428
1946,0.40439892
814,0.40356782
1971,0.40330228
1529,0.3939682
80,0.39259413
699,0.38890693
1996,0.38859007
1554,0.37956962
1545,0.3781012
1278,0.37655956
208,0.3750139
645,0.37315574
947,0.3699918
989,0.36812526
1226,0.36598903
1636,0.36342397
949,0.36265415
1560,0.36257088
1407,0.36250973
800,0.36088333
963,0.35988453
1801,0.35973823
188,0.358075
1728,0.35048553
472,0.35038885
287,0.35002512
1710,0.34450352
896,0.33657923
1840,0.3342879
1523,0.33411288
1054,0.3329624
162,0.33020726
640,0.3259408
691,0.32556692
1159,0.32541227
1371,0.32168043
883,0.32137847
32,0.32089633
1451,0.32007676
932,0.31309825
76,0.31286198
4,0.30977586
282,0.307341
1426,0.30204144
733,0.30199322
903,0.29861322
980,0.29738134
1051,0.29648882
771,0.29635343
186,0.2910809
255,0.28619257
1908,0.28558078
1842,0.28004402
704,0.27812973
1713,0.27536562
214,0.27376977
272,0.2715039
1736,0.26991892
53,0.2677838
285,0.2653759
601,0.26505187
349,0.2626929
1167,0.26165873
233,0.2587712
1632,0.25832382
1431,0.2566605
671,0.2550384
779,0.25418818
534,0.25347623
211,0.25337943
1020,0.25210062
1073,0.25147393
2004,0.25128978
1705,0.25127566
462,0.24703516
66,0.24631861
1289,0.24503282
897,0.24475364
1419,0.24475124
971,0.24439555
31,0.24237092
1479,0.24121651
1893,0.2412135
325,0.24016064
1621,0.23728697
978,0.23272716
1835,0.2325365
1551,0.23048499
1429,0.2284547
725,0.22804691
1165,0.22560099
1123,0.22472426
391,0.2228177
1458,0.22232237
912,0.22075908
684,0.2205548
620,0.2191271
1132,0.21870904
571,0.21797623
881,0.21536237
309,0.21457528
1232,0.21412964
1582,0.21367595
1011,0.21274118
1468,0.21131791
236,0.21120983
3,0.21069978
604,0.21000032
1105,0.20982312
864,0.20869903
1927,0.20689477
1785,0.20665751
1761,0.20645323
1843,0.20549883
456,0.2053254
927,0.2041218
1899,0.20297532
1808,0.20237151
1462,0.20220292
1443,0.20139025
1610,0.20047404
1265,0.19932431
64,0.19848973
788,0.19845898
1611,0.19775036
179,0.19709046
943,0.1968496
746,0.19449152
1798,0.19294459
1901,0.19281216
615,0.1925451
2044,0.19248775
859,0.19151422
1075,0.19042818
1679,0.19013292
362,0.18972066
772,0.18958084
1765,0.1884714
990,0.18669628
453,0.18634078
1088,0.18446311
543,0.1838108
1810,0.18374617
1102,0.18289039
21,0.18261528
622,0.1811765
1139,0.18113878
985,0.1809724
931,0.17923409
77,0.17905065
680,0.1789396
26,0.17847997
541,0.1781021
1534,0.17529023
471,0.17505664
790,0.17378043
1028,0.17317033
1685,0.17190078
698,0.17160122
420,0.17110632
1691,0.17097427
1935,0.17096941
1303,0.17014821
459,0.17009585
713,0.16921318
579,0.16917948
1256,0.16905478
643,0.16827828
270,0.16744065
1447,0.16696218
1170,0.16606507
1759,0.16498171
715,0.16438776
1386,0.16435589
1473,0.16413933
674,0.16364703
460,0.16318345
1686,0.16283427
1795,0.16254446
526,0.16240837
710,0.16239214
995,0.1622412
1217,0.16217397
1571,0.16198331
911,0.16023622
1825,0.16014881
866,0.15886992
1420,0.15882805
780,0.15864727
1370,0.15792069
904,0.15767822
35,0.15756202
1192,0.15676051
767,0.1565705
258,0.15564995
572,0.15533055
1792,0.15494804
948,0.15463875
1697,0.15313877
939,0.15301466
175,0.15288559
248,0.15220928
766,0.15210511
499,0.15185156
375,0.15128753
131,0.14957416
553,0.14936848
365,0.14902037
1514,0.14873028
261,0.1484173
898,0.14792873
1483,0.1473802
648,0.14699253
656,0.14573255
1002,0.14526938
1328,0.1445751
770,0.14384322
1639,0.14262508
2010,0.14232002
1147,0.14167677
840,0.14160857
194,0.14116727
1958,0.14071631
1783,0.14053728
1770,0.13952285
1672,0.13900776
1121,0.13887323
559,0.13877024
1490,0.13872994
1153,0.13790172
1769,0.13769227
513,0.13692681
1378,0.13632578
668,0.13616283
201,0.13601783
1823,0.13585469
1565,0.135392
51,0.13524105
139,0.13511486
1421,0.13502541
1246,0.13499261
1974,0.1346567
789,0.13463952
1586,0.13452038
508,0.13423155
607,0.13097198
126,0.13078985
1568,0.13064963
847,0.12938942
1745,0.12924324
805,0.12850541
1083,0.1284456
1318,0.12743734
2005,0.12650834
1039,0.12523362
401,0.12511955
1365,0.124772675
204,0.12362283
1077,0.12343766
670,0.122259535
1555,0.12225385
203,0.12224428
673,0.12214621
38,0.12191644
1556,0.12155184
658,0.120822705
1286,0.12080843
489,0.12064815
906,0.120546274
1812,0.120405525
1021,0.120376244
1517,0.12008756
1748,0.11976122
1390,0.11945694
1144,0.11931424
1350,0.1188962
538,0.11849969
1204,0.11696639
154,0.11658837
1751,0.11657457
1558,0.115843095
722,0.114997484
799,0.114992715
958,0.114654064
1594,0.114611946
1333,0.11445926
330,0.11422806
914,0.11324701
1677,0.11304152
497,0.11242085
1891,0.112395674
1882,0.11194743
830,0.11183448
1464,0.11180387
1703,0.111511506
311,0.11100733
987,0.11089432
539,0.11058353
1305,0.110490546
610,0.11032163
1508,0.109727025
60,0.10963628
1544,0.10950985
450,0.10907847
387,0.108660094
485,0.107697524
1637,0.1075836
397,0.106906466
1392,0.10640435
1224,0.106395245
1830,0.10637414
264,0.10616322
1952,0.10590725
729,0.10524645
1500,0.10511722
1119,0.105112545
1064,0.10462366
598,0.104301155
91,0.10413332
1625,0.10374016
1673,0.10323792
225,0.10291756
442,0.1029058
778,0.10126914
306,0.100929655
19,0.10091753
370,0.100894436
2016,0.10046308
1079,0.10043782
812,0.100321285
224,0.099991836
268,0.09975941
449,0.09959014
686,0.09950247
1005,0.09936765
199,0.099325545
1598,0.09921077
263,0.09904069
253,0.09886045
1734,0.09863449
1509,0.09862857
1580,0.0986244
1774,0.09806779
1488,0.09805885
266,0.09770712
42,0.09761349
482,0.09761235
63,0.097450875
1172,0.09727766
727,0.0971917
1442,0.09718098
1599,0.09713975
1394,0.096912965
102,0.09671623
251,0.096580364
468,0.09644388
695,0.09599288
637,0.09586194
495,0.09559039
1158,0.09553448
596,0.09548963
1063,0.09542716
869,0.094998375
1035,0.094786726
1682,0.09475449
1660,0.09462571
1207,0.094614215
357,0.09455585
1980,0.094549745
1109,0.094165035
776,0.09391393
1418,0.09366987
1195,0.09336132
385,0.093350045
1049,0.09333011
1116,0.09321045
402,0.093201265
328,0.092756905
959,0.09272935
15,0.09237726
1357,0.092336394
1779,0.092133105
1276,0.091869585
85,0.09168512
536,0.09167804
165,0.091393255
74,0.09115838
634,0.09110622
719,0.090958506
1317,0.0908191
501,0.09042383
689,0.08966935
1101,0.089643575
138,0.08899112
1015,0.0888732
491,0.08879035
413,0.0884168
1222,0.08835087
1889,0.08812282
677,0.08799247
1978,0.08790758
230,0.087763704
354,0.08758166
968,0.08716088
760,0.08715606
1870,0.08715586
1670,0.08662953
1300,0.086391896
481,0.086227275
239,0.08603825
1557,0.085928
708,0.08573235
314,0.085522756
434,0.084964536
590,0.084722154
811,0.084588304
1589,0.084141195
728,0.08401926
1330,0.08362387
422,0.08294828
843,0.082895145
749,0.08280727
361,0.08268228
166,0.08260966
1953,0.08254361
1501,0.08244949
518,0.08228891
1600,0.08226767
1829,0.08205155
2006,0.08180639
851,0.08178987
274,0.0817859
743,0.081683025
1476,0.081569694
1820,0.08121603
1193,0.080863826
1757,0.08085686
1706,0.08051359
425,0.07998551
1229,0.07991715
457,0.07991228
54,0.07988765
1559,0.079821154
1856,0.07952234
1208,0.07944366
33,0.07941403
1367,0.07938232
769,0.0793234
923,0.07927226
1183,0.07919619
163,0.078540035
1173,0.07853109
275,0.078317694
1994,0.07827078
1646,0.07772092
366,0.07770814
1538,0.077631466
829,0.07755858
665,0.07746755
448,0.07738793
1414,0.07738563
663,0.07732579
716,0.07712754
1960,0.076989494
168,0.07684053
820,0.07670815
846,0.076518245
1518,0.07644351
6,0.07620026
242,0.07617687
1725,0.076083206
1505,0.07607354
528,0.07598821
337,0.07572612
151,0.075632416
1018,0.07558944
226,0.07542969
1729,0.075148135
1306,0.07502722
1143,0.07494117
1954,0.07484539
664,0.07478065
141,0.074612826
291,0.07457201
975,0.07454964
1168,0.07439275
885,0.07436484
930,0.07436422
1605,0.07426165
1973,0.0742411
597,0.07421401
231,0.07400489
882,0.0738826
206,0.073383406
1201,0.07324073
503,0.07321161
787,0.073149346
221,0.07312556
1543,0.07296185
1819,0.0728255
819,0.07273024
1296,0.07248583
632,0.07238909
439,0.072080806
764,0.07206268
1415,0.071906805
265,0.07178112
100,0.07175313
1777,0.07171245
1664,0.071694046
2021,0.07163067
1452,0.07106371
105,0.071032815
1932,0.07085354
600,0.07059763
731,0.07050388
920,0.07030965
1211,0.070125505
1911,0.07009536
1461,0.070093684
1206,0.069888435
207,0.06973012
189,0.06965124
1675,0.069290675
917,0.06921079
1284,0.069067165
1327,0.06901309
784,0.06852635
444,0.06842871
1606,0.06833889
1999,0.068307094
1784,0.06818899
1661,0.06796705
1700,0.06783819
1651,0.067826785
298,0.06782216
1074,0.06762791
1480,0.06753755
343,0.067512386
1348,0.067480765
134,0.06714348
573,0.06701897
1262,0.06701468
568,0.06700456
1343,0.06651911
1837,0.066507615
445,0.06648623
2007,0.06641566
300,0.06635921
1129,0.066353984
775,0.06629954
1277,0.06624616
555,0.066084065
650,0.06580233
1723,0.065707564
1878,0.065583944
1352,0.065378815
1815,0.06526144
761,0.06511969
1966,0.06500611
1822,0.0649161
655,0.0647905
1482,0.06460451
996,0.064548574
1793,0.064488396
1395,0.06435109
1237,0.06434037
1780,0.064333655
1579,0.0642923
808,0.06410304
1313,0.064020716
827,0.06392033
116,0.06365623
1467,0.06355949
751,0.06352396
965,0.063360356
147,0.06326579
1869,0.06306977
424,0.06289177
1608,0.06282029
418,0.06261912
1354,0.062258516
1382,0.06198488
1604,0.06187551
737,0.06177273
690,0.06167811
1412,0.061538756
2013,0.061471764
1140,0.06125675
2,0.061082315
1023,0.060982537
646,0.060865276
661,0.06086154
1003,0.060787316
1238,0.060692497
332,0.060554508
638,0.060552943
1617,0.060413737
2041,0.060241375
1108,0.06009682
1098,0.06008331
218,0.06005089
1548,0.06003329
633,0.059766784
369,0.05963236
335,0.059594095
380,0.059356567
1264,0.059334606
1641,0.059272762
1642,0.0592512
34,0.058823492
1094,0.05881223
599,0.058748003
1174,0.058510073
304,0.05848197
868,0.05836859
1164,0.058142554
321,0.058131177
530,0.058087397
1273,0.058059044
1048,0.057956208
702,0.057868924
398,0.057588704
1209,0.057472803
1080,0.05741725
1718,0.05732922
1215,0.05727429
832,0.05720127
1844,0.05717011
432,0.057132415
1627,0.057077747
1298,0.05705348
791,0.057025768
662,0.05694625
1219,0.05693921
412,0.056794744
1376,0.056692827
1401,0.056400828
1309,0.05629095
1213,0.05623224
1135,0.05620463
694,0.056015328
368,0.056007028
810,0.05597357
974,0.05591095
493,0.05566923
1910,0.055512216
1614,0.05549658
1809,0.05536214
993,0.055322133
1236,0.055267338
1463,0.055243716
1043,0.05519461
350,0.05512569
8,0.055112243
426,0.05507099
1549,0.054883566
405,0.054657903
1368,0.054598253
1136,0.054516774
631,0.054507133
1838,0.054423675
901,0.05437509
1775,0.054251112
371,0.05423734
647,0.054162804
22,0.054101534
326,0.053999882
1919,0.053934734
1450,0.05366714
1768,0.053584736
1220,0.053466752
161,0.053424276
113,0.05326001
1868,0.053248174
839,0.05321512
763,0.052858204
461,0.052830096
1345,0.052771654
679,0.05273466
844,0.05266849
323,0.0525735
324,0.052392986
1417,0.052379902
1356,0.052342102
200,0.05230596
443,0.05228942
1066,0.052265186
2020,0.05223567
606,0.05216736
1852,0.052142285
392,0.052024227
560,0.05193754
1656,0.051907122
524,0.051869005
2033,0.051867925
880,0.051816933
1732,0.051800992
10,0.05170616
67,0.051683415
510,0.05149996
1790,0.051365986
1781,0.051301003
196,0.05129988
267,0.051283367
652,0.05126858
835,0.051260415
1026,0.05123544
1533,0.05122228
96,0.051088978
1989,0.051083516
47,0.051074516
1268,0.051074047
798,0.050985966
554,0.050962415
1297,0.050858848
1864,0.05083831
566,0.05083648
1913,0.050783258
281,0.050678596
1747,0.050677333
1280,0.050508723
561,0.0504711
1281,0.050413232
441,0.05007078
1184,0.0500662
854,0.050066113
1503,0.050019972
1561,0.049924113
823,0.049847443
1282,0.049816035
466,0.049813814
75,0.04963657
557,0.049534652
1110,0.049487796
1590,0.04947447
1540,0.049404502
140,0.049367048
1585,0.049310613
1992,0.049248055
1990,0.049147204
1325,0.049107257
1090,0.04908919
1202,0.049072888
2040,0.049036637
1739,0.048878748
1857,0.048864603
240,0.048735123
1299,0.048652537
152,0.04864507
312,0.048482902
936,0.048480283
1411,0.04834205
90,0.048329365
1177,0.048317004
636,0.048141062
2015,0.04808838
1898,0.048032615
1858,0.04801515
1756,0.04800592
793,0.047883064
1522,0.0478416
1402,0.047665402
521,0.047653902
681,0.047500618
1022,0.04749802
1939,0.047436945
2011,0.04736501
867,0.047287747
969,0.047160238
1235,0.047119603
2019,0.04708206
1726,0.04705871
433,0.047049206
1205,0.047012795
473,0.04673677
153,0.046648733
1771,0.046590492
1567,0.046543136
1189,0.046533402
1663,0.046524152
1218,0.046499033
1004,0.04649483
475,0.046447173
1628,0.04638028
302,0.046195768
1369,0.046150934
1930,0.04614644
575,0.046105318
1290,0.046048217
118,0.04602521
367,0.046013363
1107,0.045840714
1897,0.04574885
1225,0.045721404
260,0.04554341
848,0.045498036
1863,0.045400657
1438,0.045310766
887,0.045267865
1755,0.045156375
1676,0.04512657
478,0.04508865
1981,0.045072492
316,0.044967517
1319,0.04488842
355,0.044768926
884,0.04473098
1547,0.04470926
682,0.044657603
339,0.044655524
1398,0.04458754
506,0.044569552
1593,0.044385213
1719,0.044237264
1025,0.044218354
720,0.044201273
125,0.044197515
320,0.044172294
997,0.04414804
1359,0.043939658
1520,0.04382715
1912,0.043691386
490,0.043682683
905,0.04367599
721,0.043475438
28,0.043393843
1963,0.04337183
786,0.04330196
1380,0.04326805
1340,0.043171324
1134,0.04312631
414,0.043001402
1890,0.04299737
1712,0.04293502
99,0.042804483
856,0.042786125
609,0.042745486
1929,0.04265647
1655,0.04263832
1542,0.042630132
1698,0.04248126
1027,0.04247621
1372,0.042463157
120,0.042354517
1717,0.04228445
1948,0.042250924
1991,0.042229872
1374,0.04220141
794,0.04217872
431,0.042119797
1271,0.042068094
1040,0.04202921
902,0.041979436
627,0.04196234
2001,0.041896522
1806,0.041890282
458,0.041878738
344,0.041851744
159,0.041827437
2008,0.04179818
1848,0.04179133
171,0.04177748
977,0.041757848
289,0.04172039
1917,0.04166604
683,0.041496832
747,0.04125322
1847,0.041236572
641,0.040974807
1065,0.040908746
850,0.04088033
953,0.04060366
1666,0.04059681
1854,0.040571015
1511,0.0405172
1640,0.040151324
1862,0.040143337
618,0.040095747
1389,0.0400688
1323,0.040004816
1936,0.03996273
1721,0.039904457
89,0.039839998
1334,0.03980783
657,0.03979781
352,0.03978907
928,0.039761547
1649,0.0397555
1057,0.03973665
505,0.03966763
753,0.039647896
1695,0.03964481
574,0.039600916
435,0.03959755
122,0.039592426
1583,0.039583027
922,0.03954132
837,0.03951872
182,0.039488096
2045,0.039422795
1130,0.039180867
1516,0.039073788
1006,0.038918708
1052,0.03889541
1668,0.038669527
1988,0.03854455
736,0.038480226
1853,0.038433347
1494,0.038410824
143,0.038372833
956,0.03832478
2047,0.038324125
342,0.038288485
428,0.038278118
1597,0.03823521
1093,0.038226705
14,0.03819149
1513,0.038180128
1965,0.038178395
2031,0.038137626
61,0.038123023
565,0.038066585
1850,0.038061768
1885,0.038057823
1525,0.03800736
1360,0.037863273
507,0.03770827
1082,0.037568048
1947,0.037563
742,0.037503287
547,0.037490234
1827,0.037430257
1373,0.037428394
1968,0.037374925
617,0.037326783
919,0.03730469
469,0.037216417
523,0.03718078
1379,0.03716022
273,0.037134197
290,0.037121493
1182,0.03703038
748,0.036973126
400,0.03681584
672,0.03679964
1704,0.03674161
172,0.03673267
1900,0.036723442
545,0.036720518
193,0.036717206
305,0.036710043
512,0.036708806
1288,0.036644973
1658,0.036630295
1455,0.036619477
1250,0.03659767
1618,0.036582544
1041,0.03654702
145,0.036525212
1272,0.03635598
1416,0.036348794
871,0.036300723
464,0.03629778
2043,0.03626446
237,0.03624236
245,0.036225524
796,0.036020413
1699,0.035949603
1393,0.035887364
544,0.035869252
642,0.035761412
797,0.035761338
1587,0.03576106
1758,0.03573451
498,0.035716176
1320,0.035564948
1495,0.035559382
219,0.035513572
1111,0.035443794
1190,0.035317153
1984,0.035137568
532,0.035064824
2012,0.0350156
1731,0.034966454
988,0.034924746
2024,0.034887318
1722,0.03487272
1137,0.03483625
2009,0.034805465
327,0.0347865
86,0.03477719
55,0.03474628
1530,0.03462966
1460,0.034535486
1576,0.03452249
259,0.034519803
1346,0.03447563
358,0.034303844
1491,0.03419642
1887,0.034192186
1624,0.034111947
1839,0.03408794
586,0.034014735
303,0.033790052
1086,0.03377767
1010,0.03369826
46,0.03366113
348,0.03355383
711,0.033388164
436,0.03335009
1741,0.033237554
585,0.033226494
1155,0.033120103
322,0.033069674
1342,0.033057887
1743,0.0330366
1496,0.033006407
685,0.033004984
174,0.032920424
705,0.032878675
1355,0.032562338
1849,0.03255058
1138,0.032547854
535,0.032525044
477,0.032439973
492,0.032410927
556,0.032406222
935,0.032389093
614,0.032337185
1126,0.032331485
1972,0.03230409
1223,0.032284465
1860,0.032257296
929,0.032210954
411,0.032188833
567,0.032156423
701,0.0321075
1413,0.032097697
984,0.032062724
1251,0.032020863
612,0.031961143
1186,0.031918198
1097,0.03179022
1881,0.03169851
299,0.031668063
1824,0.0315956
1778,0.031583685
106,0.031582806
1312,0.031565756
345,0.031510685
1762,0.031470772
1446,0.03145342
1976,0.031443685
1750,0.031349696
1922,0.031265702
496,0.031236676
870,0.031223858
1437,0.031212278
1024,0.031204686
1472,0.031177664
1846,0.03116865
1711,0.031108983
73,0.03108836
62,0.030994538
697,0.03097515
960,0.030962247
346,0.030950854
13,0.0309421
1903,0.030916704
406,0.030852955
252,0.030761413
899,0.030725185
1247,0.030699939
222,0.030683246
429,0.030678913
212,0.030658726
164,0.030645227
1210,0.03064277
2000,0.030642338
340,0.03063398
1504,0.030541245
59,0.030513829
2014,0.030453144
395,0.03043381
388,0.030394917
537,0.03035609
333,0.030346096
484,0.030337729
688,0.030329728
1405,0.030271543
378,0.030191915
1009,0.030078521
1314,0.030028887
1275,0.030018725
416,0.029987141
2039,0.02992977
294,0.029887889
278,0.029880285
834,0.029847
1255,0.029717581
1528,0.02970475
1709,0.02968545
1353,0.029614408
187,0.029602058
1507,0.029554734
676,0.029477917
1194,0.029463714
611,0.029408375
1038,0.029378714
1000,0.029306948
0,0.029112931
399,0.029025069
687,0.028962063
1959,0.028917827
241,0.028907524
181,0.02886842
390,0.028775051
1828,0.028713787
726,0.028677171
195,0.028642863
1541,0.028617397
1477,0.028511833
336,0.028503064
1816,0.028501932
613,0.02848871
1794,0.028418973
1956,0.02838471
967,0.028384494
1804,0.02836989
1737,0.0282739
576,0.028256647
876,0.02824958
1285,0.028092958
1012,0.02807876
1240,0.028050896
1964,0.028026098
806,0.027993858
121,0.027986353
1034,0.027920049
738,0.0277777
732,0.027771298
1524,0.027653286
1258,0.027585868
1050,0.027572643
913,0.02756108
1364,0.027481925
1084,0.027472908
313,0.027402597
1817,0.02738774
1331,0.027380599
970,0.02727654
1203,0.027241906
1311,0.027227825
483,0.027158309
1181,0.0271184
351,0.027058857
1596,0.027005408
1474,0.02690721
1620,0.026892658
1970,0.026878662
463,0.026850913
1145,0.026737643
1933,0.026651176
1643,0.02659366
170,0.026590714
951,0.026560733
1609,0.026550729
78,0.026430503
1800,0.0264068
734,0.02640421
39,0.026386807
1103,0.026357668
926,0.026248166
621,0.026235914
1818,0.02617043
1242,0.02614222
409,0.026130872
1865,0.026097478
1475,0.026056504
1113,0.026001483
546,0.025979979
1029,0.025945134
36,0.025926974
262,0.025855182
754,0.02581076
284,0.02575441
1230,0.025726387
801,0.025701728
1787,0.025665019
12,0.025645552
1648,0.025642531
925,0.025595965
1892,0.025592795
338,0.02557499
1690,0.025506048
1089,0.025491767
94,0.025471238
1424,0.0254388
1521,0.025393888
1883,0.02538607
803,0.025349991
628,0.025317905
1100,0.025303207
227,0.025282249
852,0.025247611
407,0.025244506
879,0.025223097
1466,0.025200512
717,0.025077555
205,0.025022868
1338,0.025019964
1859,0.025013559
1871,0.025011588
1553,0.025007676
942,0.024993822
1888,0.024954878
373,0.024944426
1987,0.024911456
1151,0.024887802
1169,0.024837526
892,0.024819234
1527,0.024814526
1841,0.024795568
818,0.02476233
964,0.024601819
563,0.024578923
1807,0.02456872
849,0.024521384
1934,0.024419036
1014,0.024415841
865,0.02438951
1588,0.024319695
1233,0.024292583
1879,0.02427619
5,0.024275655
137,0.024271263
1957,0.024253845
292,0.024253512
1433,0.024246471
1720,0.024190634
921,0.024186552
1733,0.024155054
580,0.024135016
603,0.024124298
522,0.02411078
1803,0.024010548
872,0.023992311
540,0.02398225
1519,0.023957236
782,0.023948675
1072,0.023902388
1185,0.023879817
1791,0.023847226
1387,0.023846706
1552,0.023828799
741,0.023822656
1799,0.02381779
855,0.023767063
696,0.023716616
1931,0.023673726
667,0.023641752
1961,0.0236362
283,0.023624536
1070,0.023614235
1693,0.023612376
183,0.023576925
1141,0.023559416
1435,0.023548657
2003,0.023523191
813,0.023505995
1133,0.023498584
1261,0.023483949
619,0.023464141
1283,0.02344917
1244,0.023430882
25,0.023406195
1993,0.023395427
1396,0.023361068
1845,0.023321196
860,0.023253957
1163,0.023246981
1653,0.023223126
845,0.023207424
1905,0.023186613
1459,0.02312588
1689,0.0231066
2023,0.023067487
952,0.023061682
1341,0.023053242
1979,0.023043988
1616,0.02302136
1613,0.023003394
44,0.02299629
198,0.022955822
907,0.022926278
363,0.022922853
117,0.022914764
1595,0.022886189
1535,0.022791864
1805,0.022711057
1430,0.022709813
1361,0.022698874
577,0.022683166
329,0.022656085
1432,0.022653103
479,0.022440692
393,0.022436554
774,0.022434734
1506,0.02242948
962,0.022393676
297,0.022392819
438,0.022381756
1031,0.02232422
1291,0.022298876
98,0.022280073
828,0.022209039
1644,0.022208009
1059,0.02219692
1814,0.022175046
983,0.022168087
707,0.0221612
1117,0.022149047
1091,0.022121303
1622,0.022116441
998,0.022047373
16,0.02202515
804,0.02201517
1042,0.021980077
783,0.02193716
861,0.021928987
1315,0.021924417
509,0.021879686
1821,0.021830628
1200,0.021789338
1162,0.021768954
1834,0.021719936
29,0.021685397
144,0.021657981
1384,0.02163632
1985,0.021629827
1797,0.021577789
1512,0.021417819
276,0.021408077
1753,0.02134353
1128,0.021262188
1377,0.021233303
1114,0.021214494
1921,0.021203615
893,0.021175044
1788,0.02110224
822,0.02101659
1214,0.020968946
693,0.02095232
177,0.020936932
1572,0.020930473
404,0.020844815
838,0.020812664
1013,0.020749798
452,0.02074536
1279,0.020741092
981,0.02071769
1445,0.02069711
1955,0.02069211
516,0.020686517
17,0.020661162
192,0.020616
360,0.020583736
1662,0.020554753
875,0.020539172
649,0.020517495
1274,0.020511715
1363,0.020506648
286,0.020488676
502,0.020454066
216,0.020429134
1811,0.02039823
1681,0.02038604
244,0.020383079
178,0.020371806
1293,0.020332266
918,0.020327302
625,0.020306041
1228,0.02029298
1469,0.020284656
1292,0.020273022
1071,0.020270864
269,0.020242728
564,0.020223707
1867,0.020155195
209,0.02010957
1866,0.020101586
403,0.020083142
1076,0.02006906
1440,0.020039458
379,0.020002304
23,0.019976255
1122,0.019959776
1188,0.019956635
1427,0.019928778
1302,0.019896569
1115,0.01989002
1321,0.01987519
202,0.019868292
1266,0.019778706
550,0.019761018
946,0.019673267
1687,0.019647105
1375,0.01959806
1754,0.019586014
1603,0.019585809
1789,0.019560637
2038,0.019511776
570,0.019511601
52,0.019499946
1657,0.019454187
1650,0.019433804
169,0.019392801
511,0.019373873
1036,0.019355316
45,0.01934956
1942,0.019340238
1397,0.019326853
1456,0.019318933
1735,0.019286636
831,0.019282766
437,0.019279113
1485,0.019240933
389,0.019214654
815,0.019185826
752,0.019160831
1631,0.019134138
415,0.019128209
1259,0.019104771
1287,0.01908973
1362,0.019061903
1033,0.019060416
1081,0.019041946
525,0.01903012
454,0.019020766
1645,0.019019105
1124,0.018997077
842,0.01893253
1626,0.018903231
1253,0.018794741
296,0.018787393
1683,0.018706521
1833,0.018700669
1001,0.018649474
1915,0.018617328
1322,0.018614925
1118,0.01861488
243,0.018582642
1344,0.018567795
878,0.018473655
341,0.018390832
785,0.018386642
817,0.018358821
1562,0.018339736
739,0.018257044
841,0.018250825
1665,0.018214872
1570,0.018179804
1874,0.018163493
257,0.018155472
1602,0.018118648
1067,0.018081307
1037,0.01800789
994,0.018002259
1391,0.01796063
1428,0.017921638
592,0.01786796
82,0.017808668
781,0.017723339
127,0.017715761
381,0.017705675
1986,0.017678233
1056,0.017652692
500,0.017650487
1742,0.017592177
1684,0.017579412
1937,0.017575733
888,0.017511139
1332,0.01743487
1635,0.017375097
1068,0.017357428
972,0.017321602
419,0.017258275
1326,0.017219294
1120,0.01713805
88,0.017110217
1938,0.017085332
1907,0.017075298
256,0.017067919
223,0.017022392
910,0.017022341
277,0.017003123
1406,0.016956417
1497,0.016916089
474,0.016884223
1669,0.016841339
1573,0.016823348
191,0.016769463
976,0.016719313
1796,0.01671248
1241,0.016706388
1044,0.016651338
1295,0.016487364
1142,0.016467642
1923,0.01645051
954,0.016436668
288,0.016396416
1607,0.016389243
591,0.016381808
1896,0.016362257
945,0.016353022
2027,0.016343644
700,0.016302245
1951,0.016248537
129,0.016148143
1060,0.01614146
1245,0.016131302
1920,0.01612458
27,0.016119227
1941,0.016116226
1943,0.016111592
1654,0.016102714
58,0.01605406
894,0.01602744
119,0.015988382
1260,0.015983155
112,0.015979584
1766,0.015971282
447,0.015943035
730,0.015928492
1150,0.01578264
382,0.01576912
1403,0.01576024
97,0.015751801
660,0.01574326
374,0.015740506
605,0.015722504
111,0.01572166
616,0.015711583
24,0.015679086
1444,0.01562976
1914,0.015552995
1465,0.015536923
92,0.015506094
40,0.015430748
1707,0.01541669
1776,0.015370394
1601,0.015334931
2029,0.015314839
1045,0.015201589
1950,0.015182251
1324,0.015144973
1880,0.015099968
48,0.0150875645
724,0.015074977
1876,0.015066735
757,0.015062183
130,0.0150555605
1813,0.0150227565
1692,0.01500777
1851,0.014961465
1166,0.014958274
157,0.014933491
1760,0.014917988
70,0.014906098
1046,0.014853192
1423,0.014785756
18,0.014772986
940,0.0147610335
1674,0.014721332
1486,0.01471973
1546,0.014700582
589,0.014670432
533,0.014663895
167,0.014652155
529,0.014642023
220,0.01463359
1061,0.014604804
1678,0.01452348
1564,0.014472087
1439,0.014395345
1638,0.014377769
1231,0.014335391
1995,0.01408632
706,0.01406363
1584,0.0140405325
1724,0.013997211
1767,0.013971544
1701,0.013962694
1526,0.013913063
584,0.013906364
1667,0.013889511
213,0.013860457
1062,0.013825254
1269,0.013801401
1510,0.013798262
1944,0.0137576815
1902,0.013752829
1786,0.013616658
1652,0.01361209
1329,0.013604448
1714,0.013599261
659,0.013573953
1197,0.013512164
1615,0.013500476
1696,0.013499779
1928,0.013483488
630,0.013457483
653,0.013438058
773,0.013399489
1304,0.013397988
1337,0.013368215
979,0.013306821
908,0.0133061465
1178,0.013298856
1239,0.013291374
1434,0.013271192
558,0.013263648
1977,0.013240635
1906,0.01322625
824,0.013195945
1425,0.013035587
1199,0.013014623
1198,0.013004678
826,0.012959178
924,0.012836447
862,0.0128315305
1918,0.012823823
1909,0.0127991885
271,0.012789414
909,0.012772417
1069,0.012748913
1019,0.012739608
890,0.012697876
217,0.012660305
1619,0.012620739
551,0.012616255
1484,0.012584233
79,0.012569164
768,0.012547549
1592,0.012443743
146,0.012418577
1659,0.012397865
2028,0.012367595
755,0.012366782
2037,0.01233407
1873,0.012251962
1997,0.012249692
72,0.012237823
1532,0.01221384
470,0.012190114
2030,0.0121325385
758,0.012078597
1308,0.012074294
315,0.012071283
440,0.012061276
588,0.012032479
1515,0.0120059075
1886,0.011983112
124,0.011955918
569,0.011939018
1884,0.0119029805
1301,0.011898222
180,0.011799899
2032,0.011771992
1895,0.011754906
1962,0.011748383
1196,0.011717962
2046,0.0116835125
608,0.01166467
235,0.011663603
1400,0.0115249455
1680,0.011515811
185,0.011511281
740,0.011490545
1487,0.011490342
644,0.011486191
386,0.0114776585
944,0.011443042
20,0.011214382
1708,0.011212405
1336,0.011202308
280,0.0111916335
87,0.011131158
527,0.011105748
150,0.0111033805
1578,0.011093649
11,0.011082866
57,0.01105854
136,0.011006397
1949,0.01098972
955,0.0109305885
624,0.010909082
1826,0.010899754
1349,0.010886106
37,0.0108845495
937,0.010866399
623,0.010791905
1894,0.010783927
836,0.010765583
515,0.010724977
1047,0.010670831
1855,0.010630451
396,0.0105760805
1095,0.01053929
410,0.010530495
973,0.010507835
110,0.010492488
750,0.0104842
1,0.010470805
678,0.010403805
2018,0.010365807
1270,0.010265281
874,0.010227089
1563,0.0101954965
675,0.010194929
246,0.010181877
957,0.010177803
1358,0.010169149
41,0.010143236
1612,0.009998303
234,0.009958933
709,0.009926939
310,0.009925769
1404,0.009852575
999,0.009830919
514,0.009817078
249,0.009810063
1176,0.009753257
2042,0.009750255
1099,0.009739338
1149,0.009719225
802,0.009657965
639,0.0096518025
1152,0.009641512
347,0.009633493
1782,0.00963347
1055,0.009598296
886,0.009589409
1872,0.009577264
148,0.009503305
1493,0.009493193
986,0.009443807
1746,0.009433114
2036,0.009407585
1347,0.009253796
65,0.009226196
364,0.009210618
651,0.009178239
1763,0.009159306
210,0.0091540245
455,0.009146346
1127,0.009106157
703,0.009094538
1492,0.009077525
1940,0.009052679
9,0.009030652
991,0.009030342
247,0.00902413
1502,0.009019317
1998,0.009016518
933,0.009004692
95,0.008964957
1772,0.008932861
1566,0.008912827
1861,0.0089092245
1157,0.00890644
1716,0.008836222
562,0.008828717
542,0.0087806545
486,0.008777013
900,0.008757501
1381,0.008749944
666,0.008684439
308,0.008674879
712,0.008660928
1764,0.008617295
359,0.008470951
68,0.008439146
816,0.008416549
1877,0.008387098
1569,0.008378384
331,0.0083573675
1234,0.0083518475
1489,0.008304513
595,0.008258256
1180,0.00819747
833,0.008166877
394,0.008131764
421,0.008122638
941,0.008110824
319,0.008102089
889,0.008086746
1744,0.008039661
494,0.0080283815
1191,0.008017764
232,0.007898982
1267,0.007863497
1498,0.00783513
279,0.007833122
1016,0.007820435
1112,0.007800969
228,0.0077919904
1171,0.0077663027
408,0.0077576106
1453,0.0077360673
857,0.007662795
83,0.0076582786
858,0.0076566422
295,0.0075673363
938,0.0075530857
155,0.007524832
1030,0.007495067
1916,0.0074684382
301,0.007444127
69,0.0073844306
1470,0.007298581
56,0.0072730407
635,0.00727238
1836,0.007241441
317,0.007187137
1007,0.007177472
795,0.007166675
1924,0.007147047
1399,0.007143097
132,0.007103814
376,0.0070633655
1831,0.0070472546
1053,0.0070471354
1104,0.006921935
30,0.0068737087
1263,0.006815944
417,0.0068123937
552,0.006812021
895,0.0068117715
1738,0.0067934995
602,0.006785952
487,0.0067743594
982,0.0067698406
2022,0.0067686774
1339,0.0067634373
353,0.0066462914
197,0.0066438764
1221,0.006642165
293,0.006635928
229,0.006629585
1478,0.0066215466
1982,0.0065593105
93,0.006493185
531,0.006436188
916,0.0063867923
128,0.006334984
430,0.0062892195
1647,0.006285397
2017,0.006244548
934,0.006164995
581,0.0061289626
1161,0.006074967
756,0.0060388804
718,0.006016566
1096,0.005978348
517,0.005960831
629,0.005939844
1243,0.005938937
1773,0.005892812
1983,0.0058814664
759,0.005847921
877,0.00582758
1481,0.0058078095
654,0.0057817213
1730,0.0057209497
467,0.005604014
356,0.0055845673
1749,0.0055717966
1335,0.0055647558
626,0.005559615
43,0.005511396
176,0.005468045
1537,0.0054235435
1017,0.0053861313
1448,0.0053840713
250,0.005376463
807,0.0053072423
1388,0.0052633607
1422,0.005259502
1634,0.0052461904
2026,0.005230648
1307,0.0052277534
372,0.005198671
593,0.0051942766
669,0.0051752636
891,0.005171734
334,0.0051635858
1212,0.0051625725
383,0.0051158564
480,0.0051071504
1802,0.005076985
504,0.005059476
254,0.005005
587,0.0049996516
992,0.0049372604
1449,0.0048495545
423,0.0047980365
1254,0.004704069
215,0.004682308
114,0.004588837
446,0.004458138
1008,0.004414746
1623,0.004382673
135,0.0043443115
377,0.0043259887
1248,0.0043232245
863,0.004321477
723,0.004290524
1249,0.004256252
1740,0.004169195
318,0.004168319
104,0.0041348273
1410,0.004035062
1702,0.0040138774
1294,0.0039980887
2035,0.0039565535
1577,0.003953937
1227,0.003942482
1875,0.003928713
961,0.0039023664
1366,0.0038691456
915,0.0037633297
1310,0.0037088247
1032,0.0036999988
1087,0.0036703048
735,0.0036687683
1085,0.0036247175
853,0.0035793458
1257,0.0035614094
1904,0.0035437634
966,0.0035232042
873,0.0034052387
1385,0.0033682815
744,0.0032799474
1925,0.0032128484
71,0.003172069
1156,0.00314356
1752,0.0031425839
1175,0.0031193797
1694,0.0031173455
520,0.003008489
1969,0.0029506676
1629,0.0029341707
1671,0.0029198127
307,0.0028684102
1125,0.0026863804
1715,0.0026451724
427,0.0026042103
1383,0.0025697725
1131,0.0025347979
583,0.002508919
50,0.0025067034
488,0.0024316828
825,0.0023909307
476,0.0023895032
1106,0.002387966
2002,0.0023768481
1550,0.0023641635
745,0.0022997223
950,0.0022691558
384,0.0022513464
1581,0.0022470078
149,0.0022450716
451,0.0021433544
714,0.002115273
1727,0.0020766256
582,0.0020712244
1179,0.0019427144
1630,0.0019044795
1078,0.0018224937
1441,0.0015618083
238,0.0015608676
108,0.001150595
1471,0.0010814524
