feature_index,mean,std,minimum,maximum
0,0.08309938,0.17062512,0.0,2.8948343
1,0.025142388,0.10232695,0.0,3.1343272
2,0.14514601,0.24714836,0.0,3.8526847
3,0.15323843,0.45902047,0.0,7.1354475
4,0.2717271,0.5565751,0.0,8.000671
5,0.06757512,0.15580647,0.0,2.8533337
6,0.10027089,0.27604395,0.0,8.767142
7,1.161495,1.3355354,0.0,11.39003
8,0.08715147,0.23475997,0.0,4.202854
9,0.0291848,0.09502974,0.0,2.905126
10,0.09205373,0.22738989,0.0,3.9478147
11,0.02598129,0.10527519,0.0,5.046027
12,0.0635429,0.16014229,0.0,3.3322682
13,0.08852717,0.17590366,0.0,4.4792323
14,0.0813235,0.19542643,0.0,2.6815155
15,0.13306813,0.30393627,0.0,5.304215
16,0.05012607,0.14840873,0.0,3.431851
17,0.029309122,0.14373991,0.0,5.8991156
18,0.031160478,0.121544175,0.0,4.195008
19,0.11433265,0.3176752,0.0,6.7255535
20,0.036044426,0.10589798,0.0,2.3678854
21,0.2233574,0.42733508,0.0,4.3533134
22,0.106382385,0.23259737,0.0,3.869145
23,0.05738845,0.14133738,0.0,2.7912772
24,0.041347675,0.12521616,0.0,2.6095622
25,0.049802694,0.15299083,0.0,2.7591774
26,0.28782067,0.4224689,0.0,4.6945558
27,0.040100515,0.12696151,0.0,3.1771464
28,0.1000294,0.20831189,0.0,2.94495
29,0.06950322,0.14725962,0.0,4.4630275
30,0.01883806,0.08290783,0.0,2.4300203
31,0.24064422,0.4923118,0.0,10.201593
32,0.38522246,0.5664771,0.0,6.0217156
33,0.1759678,0.28180495,0.0,4.0289426
34,0.086667754,0.24253555,0.0,3.9931898
35,0.15439542,0.39694083,0.0,6.5237846
36,0.05987482,0.16101855,0.0,3.1167274
37,0.017760567,0.10432904,0.0,3.2926953
38,0.17951944,0.34916535,0.0,5.428961
39,0.064804524,0.16244017,0.0,3.4760852
40,0.04993907,0.124220565,0.0,2.6055553
41,0.028676948,0.10071363,0.0,3.0570009
42,0.10979747,0.31243157,0.0,8.860014
43,0.014382224,0.07423878,0.0,2.8190713
44,0.0662324,0.15164527,0.0,5.546387
45,0.034363564,0.1391027,0.0,4.6522756
46,0.078755535,0.1834697,0.0,2.6394274
47,0.08130917,0.22599672,0.0,3.486033
48,0.03361554,0.12283145,0.0,2.9333737
49,0.4189817,0.724058,0.0,6.8326683
50,0.010960986,0.05006699,0.0,1.5612838
51,0.22018386,0.36775133,0.0,5.2111783
52,0.043754764,0.13964221,0.0,3.7607613
53,0.25647813,0.5174783,0.0,5.6798244
54,0.20018238,0.28264403,0.0,3.2663627
55,0.065943606,0.18640354,0.0,4.304573
56,0.026990237,0.085282125,0.0,2.5025263
57,0.039723724,0.105159596,0.0,2.4347405
58,0.05037928,0.12670462,0.0,1.6469351
59,0.06324382,0.17468208,0.0,2.9710252
60,0.17401485,0.3311137,0.0,7.3553195
61,0.09174274,0.19525118,0.0,2.8157318
62,0.09406224,0.17605266,0.0,2.120029
63,0.12059474,0.31217122,0.0,4.629492
64,0.23746373,0.44552186,0.0,6.05352
65,0.023069201,0.09605309,0.0,2.384467
66,0.21732971,0.49630496,0.0,9.256216
67,0.10866187,0.22733986,0.0,3.5876207
68,0.027205033,0.091864824,0.0,3.3339047
69,0.031821784,0.08593271,0.0,1.7914292
70,0.039622612,0.12209053,0.0,3.8094165
71,0.019014742,0.056321125,0.0,1.3168421
72,0.04437425,0.11062469,0.0,2.299659
73,0.087955825,0.17631891,0.0,3.3264184
74,0.15776128,0.30192447,0.0,5.8298564
75,0.115216896,0.22279266,0.0,3.0863705
76,0.24325058,0.55934066,0.0,7.877794
77,0.17315216,0.42314377,0.0,7.0241942
78,0.04935113,0.1625746,0.0,4.3166456
79,0.04635843,0.11211228,0.0,1.8785375
80,0.42124507,0.6265733,0.0,6.4834857
81,0.57586545,0.8035344,0.0,9.391265
82,0.06423292,0.13344912,0.0,3.6857848
83,0.026091058,0.08751159,0.0,2.1910083
84,0.48945546,0.7211628,0.0,7.038573
85,0.15727377,0.3027955,0.0,5.7578874
86,0.08845629,0.18648644,0.0,2.8641582
87,0.03835858,0.105504304,0.0,4.304149
88,0.055253796,0.13080603,0.0,2.7025015
89,0.08115706,0.1995996,0.0,3.7833102
90,0.08957508,0.21983941,0.0,3.3334289
91,0.14629336,0.32269695,0.0,4.64211
92,0.03985566,0.12452347,0.0,2.9734952
93,0.021781424,0.0805803,0.0,1.8733072
94,0.05740278,0.15959711,0.0,3.9506044
95,0.037994497,0.09468345,0.0,2.823071
96,0.073901944,0.22602871,0.0,3.475104
97,0.046300396,0.12550618,0.0,5.192784
98,0.053153094,0.14926511,0.0,4.9622188
99,0.10347576,0.20689245,0.0,4.5945315
100,0.11496907,0.26786774,0.0,4.7562346
101,0.50863016,0.89305145,0.0,8.613741
102,0.1613571,0.31099233,0.0,4.712658
103,0.48336396,0.65383834,0.0,5.5214295
104,0.015854493,0.06430262,0.0,2.2281659
105,0.11918868,0.2665198,0.0,4.1201725
106,0.06639727,0.17771553,0.0,5.65028
107,0.62809837,0.90351003,0.0,8.519613
108,0.010726865,0.033920422,0.0,0.59139407
109,0.7205415,0.8669834,0.0,7.4255347
110,0.029051675,0.10243285,0.0,4.2517614
111,0.04805441,0.12538604,0.0,2.15651
112,0.057355486,0.12641038,0.0,1.9437835
113,0.122531176,0.2307813,0.0,3.0098193
114,0.019636752,0.067740954,0.0,1.354514
115,0.46731064,0.7836551,0.0,7.8104944
116,0.114554115,0.25230187,0.0,4.6312037
117,0.046839543,0.15137623,0.0,2.7677248
118,0.10373146,0.21453486,0.0,3.7333815
119,0.03496471,0.12644517,0.0,4.388851
120,0.1117779,0.20580213,0.0,4.06876
121,0.06689187,0.16729122,0.0,2.7932863
122,0.098091625,0.19897845,0.0,4.8917184
123,0.25581893,0.68162906,0.0,9.640989
124,0.04830099,0.10934312,0.0,2.2550101
125,0.09647561,0.21023205,0.0,3.3599994
126,0.20729963,0.3616488,0.0,5.735824
127,0.03068585,0.13310057,0.0,3.1760995
128,0.020768955,0.079592615,0.0,2.0332792
129,0.03630404,0.12707534,0.0,4.2281823
130,0.043223806,0.1227011,0.0,2.3058248
131,0.18100984,0.3867482,0.0,6.2090263
132,0.016941488,0.08428413,0.0,3.8474274
133,0.33830383,0.6692227,0.0,8.65172
134,0.1403503,0.25912058,0.0,4.4623666
135,0.01716139,0.06591139,0.0,1.8870224
136,0.03128109,0.10491138,0.0,1.8729972
137,0.054100983,0.15579237,0.0,3.9994097
138,0.11308523,0.2983138,0.0,7.531088
139,0.17276612,0.36757973,0.0,4.3485613
140,0.09471343,0.22218697,0.0,3.7844443
141,0.1227643,0.27315348,0.0,5.176528
142,0.38530326,0.70264864,0.0,10.822399
143,0.077982925,0.19588985,0.0,3.2073162
144,0.05145585,0.1471665,0.0,3.612711
145,0.09177213,0.1911157,0.0,2.696692
146,0.035241533,0.11143867,0.0,3.1999805
147,0.1256281,0.25152692,0.0,4.5162563
148,0.03432208,0.097484894,0.0,3.6195352
149,0.013996384,0.047382187,0.0,1.3329833
150,0.030482724,0.10537258,0.0,3.2419546
151,0.13660692,0.27501348,0.0,3.6608233
152,0.09709439,0.22055627,0.0,3.8830385
153,0.09693757,0.21598318,0.0,4.039598
154,0.21120638,0.3414504,0.0,4.8762603
155,0.021072552,0.08674579,0.0,2.397043
156,1.0853888,1.3739468,0.0,9.915949
157,0.024541667,0.122202665,0.0,4.638
158,0.47737867,0.74187446,0.0,6.7144513
159,0.095946975,0.20451757,0.0,4.8453546
160,0.46869615,0.9396643,0.0,11.149349
161,0.12911183,0.23113692,0.0,3.0707538
162,0.13593818,0.57463664,0.0,17.144615
163,0.10428507,0.28024995,0.0,5.096317
164,0.07765323,0.17505778,0.0,2.8138669
165,0.13687475,0.30231318,0.0,7.431606
166,0.1282469,0.28741896,0.0,6.394236
167,0.037919015,0.12104609,0.0,2.163136
168,0.1686394,0.27720124,0.0,3.5124347
169,0.04565276,0.13925804,0.0,2.6719902
170,0.08292642,0.1630666,0.0,3.4827728
171,0.07594736,0.2043954,0.0,4.7422605
172,0.08579242,0.19165769,0.0,4.173779
173,0.59835476,0.9039327,0.0,8.159701
174,0.08117624,0.18143986,0.0,3.1914895
175,0.21321408,0.39100587,0.0,4.1361685
176,0.029869253,0.07394623,0.0,1.4495845
177,0.06900614,0.144696,0.0,2.1984062
178,0.060840234,0.14272983,0.0,3.043502
179,0.20185184,0.44394872,0.0,5.43985
180,0.035606466,0.10862734,0.0,2.4851255
181,0.05487328,0.1699071,0.0,3.8860953
182,0.099857055,0.19871612,0.0,4.124284
183,0.07985535,0.1535478,0.0,3.2379134
184,1.1500233,2.04683,0.0,12.618155
185,0.030716976,0.10729064,0.0,4.714409
186,0.38850287,0.53951913,0.0,6.056606
187,0.05830622,0.17205249,0.0,3.333692
188,0.28899235,0.5983937,0.0,6.4928927
189,0.16515097,0.2639152,0.0,4.683885
190,0.93982744,1.2639538,0.0,10.039066
191,0.043648895,0.12949696,0.0,3.59397
192,0.052932233,0.14358273,0.0,2.6372893
193,0.061830163,0.19161734,0.0,4.8340073
194,0.17912708,0.37572232,0.0,5.5783715
195,0.09411405,0.16924202,0.0,2.3238792
196,0.0938737,0.22649477,0.0,5.8128624
197,0.021334594,0.08150998,0.0,2.6995907
198,0.054098662,0.15151179,0.0,2.813014
199,0.14375526,0.31515956,0.0,4.6050963
200,0.057311207,0.22870496,0.0,6.700747
201,0.2767871,0.36880594,0.0,4.155813
202,0.03713679,0.14095493,0.0,4.236387
203,0.20692527,0.3496345,0.0,3.9007413
204,0.1412344,0.35160038,0.0,4.876391
205,0.044044673,0.15818618,0.0,4.5266805
206,0.10432295,0.27089372,0.0,5.1545596
207,0.10796014,0.2640646,0.0,6.266902
208,0.35420907,0.6123838,0.0,7.6638775
209,0.052938014,0.14180821,0.0,3.4619615
210,0.03417058,0.09567667,0.0,2.3205416
211,0.12924445,0.5033681,0.0,8.636634
212,0.079544894,0.17509633,0.0,3.2734723
213,0.04523296,0.11773044,0.0,2.638809
214,0.31404626,0.52323014,0.0,6.794192
215,0.022406083,0.06842739,0.0,1.8300583
216,0.05413604,0.14293052,0.0,2.7096589
217,0.04074403,0.11251802,0.0,2.372032
218,0.09766643,0.24505283,0.0,5.7070136
219,0.077769086,0.18845046,0.0,6.3575363
220,0.036796905,0.12096938,0.0,2.8246732
221,0.09492604,0.2704174,0.0,5.3384423
222,0.062437713,0.17516634,0.0,3.5142417
223,0.042240974,0.13046989,0.0,2.0772645
224,0.15533936,0.31621486,0.0,7.19349
225,0.18694282,0.32080767,0.0,3.5318356
226,0.08679793,0.27464467,0.0,5.8006415
227,0.052438892,0.15900393,0.0,2.6924648
228,0.019659303,0.08827225,0.0,3.1838448
229,0.023861442,0.08142226,0.0,2.2925699
230,0.16368964,0.2962494,0.0,3.541789
231,0.11757473,0.2720384,0.0,3.2587025
232,0.027441474,0.08887622,0.0,2.4725137
233,0.22419226,0.5086956,0.0,6.328226
234,0.038325723,0.099794455,0.0,1.8115925
235,0.03509265,0.10799816,0.0,2.1086707
236,0.24340828,0.4595757,0.0,5.8025994
237,0.08484059,0.19037426,0.0,2.9067864
238,0.013176261,0.039507817,0.0,0.6148312
239,0.11606286,0.29332277,0.0,6.409523
240,0.12655349,0.22076033,0.0,3.1817145
241,0.056381598,0.17002213,0.0,4.444668
242,0.13916673,0.27600157,0.0,7.016306
243,0.04944068,0.13631816,0.0,3.3915813
244,0.05021149,0.14276932,0.0,2.184773
245,0.07551824,0.19033004,0.0,2.9212303
246,0.021348177,0.100905284,0.0,4.5748496
247,0.035415705,0.094995424,0.0,3.693224
248,0.23520778,0.3901401,0.0,4.2035766
249,0.042142484,0.09904576,0.0,2.072194
250,0.021165267,0.07332437,0.0,2.4231665
251,0.09186928,0.31077382,0.0,9.473701
252,0.062193505,0.17538932,0.0,4.5264444
253,0.17500703,0.31442082,0.0,4.7565327
254,0.017677879,0.07074603,0.0,1.7889444
255,0.31838495,0.5349697,0.0,5.5861554
256,0.04165073,0.13064425,0.0,3.2264092
257,0.03921801,0.13474225,0.0,4.230938
258,0.23485693,0.39452496,0.0,4.5388064
259,0.10191573,0.18579505,0.0,3.9137776
260,0.12308259,0.21340902,0.0,3.943058
261,0.15468383,0.38524964,0.0,6.512506
262,0.06502437,0.16079547,0.0,2.685134
263,0.12426213,0.3147073,0.0,6.597715
264,0.1265607,0.32582697,0.0,9.247316
265,0.12759344,0.26792,0.0,5.565633
266,0.17928566,0.3125814,0.0,4.3241477
267,0.10792783,0.22645831,0.0,5.5097594
268,0.19609717,0.31584713,0.0,3.636967
269,0.049327806,0.14227694,0.0,2.4337862
270,0.23961392,0.40919513,0.0,4.486582
271,0.033963352,0.11309029,0.0,4.213871
272,0.272959,0.52106035,0.0,6.0254235
273,0.073308066,0.19270235,0.0,4.109681
274,0.120897025,0.28598234,0.0,6.730531
275,0.11657072,0.279853,0.0,4.805101
276,0.050055116,0.146315,0.0,3.298936
277,0.035390846,0.13039602,0.0,2.823469
278,0.087863445,0.17285915,0.0,3.4084914
279,0.017647857,0.088504925,0.0,2.8437483
280,0.0267365,0.10579052,0.0,3.4251068
281,0.05987783,0.22511907,0.0,6.2886543
282,0.30469796,0.55438346,0.0,5.3711247
283,0.06487137,0.15370275,0.0,2.887464
284,0.06475282,0.16048181,0.0,3.2043264
285,0.34331444,0.5151465,0.0,6.5474257
286,0.05283191,0.14313866,0.0,2.1136417
287,0.29332086,0.5916292,0.0,6.7696657
288,0.03457016,0.1280485,0.0,5.0453362
289,0.10644482,0.2042557,0.0,3.2100046
290,0.068868324,0.19266939,0.0,6.5335116
291,0.13146184,0.27307877,0.0,4.9207444
292,0.050166886,0.15573539,0.0,4.355785
293,0.023681123,0.081461206,0.0,2.031703
294,0.058802012,0.17288114,0.0,5.2071114
295,0.032744493,0.08699044,0.0,1.5952942
296,0.046366643,0.13706711,0.0,3.1798882
297,0.038943943,0.1496423,0.0,5.56325
298,0.117270924,0.26042688,0.0,5.4504247
299,0.0544936,0.17795523,0.0,2.916636
300,0.12483261,0.2576028,0.0,4.0309334
301,0.023777531,0.086279355,0.0,2.0859144
302,0.098150164,0.21493201,0.0,3.3261874
303,0.06980292,0.18382071,0.0,3.8728437
304,0.11578661,0.24183045,0.0,4.79214
305,0.10907173,0.19159865,0.0,2.2742631
306,0.14796066,0.31769428,0.0,4.593263
307,0.013843433,0.05355754,0.0,2.4533205
308,0.03696001,0.09313903,0.0,2.6264951
309,0.19398211,0.4632227,0.0,7.4395814
310,0.028639026,0.09962815,0.0,2.8431609
311,0.22618343,0.33317763,0.0,3.8046246
312,0.098244205,0.22018833,0.0,4.361777
313,0.053018518,0.1655373,0.0,4.9672356
314,0.15106708,0.29244274,0.0,4.8114324
315,0.02884467,0.10986939,0.0,4.8534317
316,0.07931559,0.21205546,0.0,5.5345235
317,0.027571868,0.08477698,0.0,2.677997
318,0.016437888,0.06456252,0.0,1.8706453
319,0.023079725,0.090011604,0.0,2.2203522
320,0.0734002,0.21017206,0.0,6.086102
321,0.099173054,0.24110408,0.0,3.495679
322,0.061875124,0.18185069,0.0,3.2883108
323,0.123373024,0.22928911,0.0,4.810726
324,0.064207524,0.22889514,0.0,4.1982737
325,0.28381634,0.49006188,0.0,5.6191263
326,0.11919223,0.23237875,0.0,4.712479
327,0.082636215,0.1865114,0.0,2.2638955
328,0.08953998,0.30456018,0.0,6.1641703
329,0.037387382,0.15051939,0.0,7.673281
330,0.1580106,0.33797643,0.0,5.4814553
331,0.025542311,0.09141864,0.0,2.3098164
332,0.118863344,0.24607825,0.0,4.833858
333,0.06880779,0.17420131,0.0,2.7466583
334,0.021445112,0.07185809,0.0,2.5455873
335,0.136281,0.24411902,0.0,3.35107
336,0.07439817,0.1688285,0.0,4.1259036
337,0.12189701,0.2751838,0.0,4.0452585
338,0.058993377,0.15992182,0.0,3.116751
339,0.12114434,0.21131854,0.0,2.851631
340,0.051421802,0.17502566,0.0,4.2941623
341,0.04832263,0.1356128,0.0,3.1673832
342,0.08747081,0.19567443,0.0,2.5156095
343,0.112108655,0.25983146,0.0,3.6833103
344,0.079447255,0.20457698,0.0,4.388195
345,0.043878853,0.1775125,0.0,4.9805174
346,0.06088293,0.17592855,0.0,3.2008069
347,0.0452197,0.09815036,0.0,1.2149496
348,0.079218626,0.18317705,0.0,3.2713673
349,0.18529472,0.51253575,0.0,8.020569
350,0.1029682,0.23478861,0.0,4.1007667
351,0.061406825,0.16449577,0.0,3.037078
352,0.07267123,0.19947198,0.0,4.0147343
353,0.0136235915,0.08152479,0.0,3.1402214
354,0.11690483,0.29594198,0.0,4.837368
355,0.09755859,0.21158668,0.0,3.6139753
356,0.023407923,0.074729964,0.0,1.9695159
357,0.15698332,0.30749935,0.0,4.6477075
358,0.074773535,0.18521297,0.0,3.9387746
359,0.04046269,0.09203777,0.0,1.6695077
360,0.044890225,0.14347033,0.0,3.4242911
361,0.13396984,0.28754526,0.0,4.737175
362,0.20219246,0.43556935,0.0,6.070815
363,0.06215942,0.15140295,0.0,3.4947305
364,0.028978625,0.095971964,0.0,3.0578125
365,0.20064518,0.38603157,0.0,5.3501916
366,0.12722398,0.2787618,0.0,4.6642747
367,0.10443909,0.21450725,0.0,4.007345
368,0.082700156,0.23665804,0.0,5.0926366
369,0.11583904,0.24419738,0.0,3.6613712
370,0.14591414,0.31763884,0.0,4.3465276
371,0.07774644,0.23288912,0.0,5.49492
372,0.018486593,0.07210181,0.0,3.2710662
373,0.07147093,0.15793805,0.0,2.96065
374,0.041214515,0.12546118,0.0,2.6018002
375,0.15134826,0.38895696,0.0,5.647182
376,0.026056176,0.08404383,0.0,3.2306724
377,0.017434917,0.06577225,0.0,1.2891183
378,0.054488655,0.17375821,0.0,3.5961223
379,0.059244763,0.1414295,0.0,2.848428
380,0.1517765,0.24363203,0.0,3.480937
381,0.046302766,0.13306268,0.0,3.913149
382,0.03998405,0.12557516,0.0,3.4017923
383,0.02223046,0.071525216,0.0,1.664361
384,0.011022315,0.047448356,0.0,1.3378724
385,0.17137164,0.3055324,0.0,3.8097115
386,0.03607031,0.107133836,0.0,2.0578213
387,0.16354129,0.3296363,0.0,5.2307243
388,0.060787354,0.17434138,0.0,2.9595015
389,0.053881537,0.13861693,0.0,2.1533773
390,0.09392578,0.1696321,0.0,2.1214395
391,0.27261725,0.4720357,0.0,5.942631
392,0.11966725,0.2280882,0.0,4.329637
393,0.05263832,0.14978836,0.0,2.4438798
394,0.027493713,0.09017629,0.0,1.7303153
395,0.08132402,0.17445289,0.0,4.0778294
396,0.028057061,0.10284007,0.0,3.262813
397,0.15772802,0.32696554,0.0,6.483829
398,0.11831661,0.23997647,0.0,3.3901613
399,0.06959439,0.17036745,0.0,3.7176554
400,0.06295366,0.19187455,0.0,4.6071944
401,0.17400254,0.35372242,0.0,8.436242
402,0.12481651,0.30528882,0.0,6.5615187
403,0.05555007,0.141715,0.0,3.3150036
404,0.047703683,0.14437734,0.0,6.423812
405,0.10075569,0.2337903,0.0,5.7125697
406,0.06290741,0.17565009,0.0,3.6551707
407,0.057531085,0.1588852,0.0,4.881867
408,0.021623552,0.0880773,0.0,2.7266357
409,0.08673175,0.16165046,0.0,2.7587996
410,0.04454395,0.1026182,0.0,2.1956081
411,0.06612904,0.17941247,0.0,3.4495108
412,0.092009224,0.23831648,0.0,7.852883
413,0.11937876,0.29734963,0.0,5.1288133
414,0.10614076,0.2073678,0.0,4.256512
415,0.04778125,0.13830477,0.0,2.7703757
416,0.071786985,0.17316796,0.0,8.239711
417,0.023151154,0.08253723,0.0,3.6464715
418,0.08854064,0.25023812,0.0,4.88074
419,0.05091984,0.13137075,0.0,2.5246458
420,0.27715722,0.41365,0.0,3.6495876
421,0.028468069,0.09012568,0.0,2.1373196
422,0.17782326,0.28800744,0.0,4.5962734
423,0.016947668,0.06926786,0.0,1.7177267
424,0.12639311,0.2507823,0.0,3.952514
425,0.13228588,0.2828171,0.0,6.6804504
426,0.095124714,0.23467208,0.0,7.280644
427,0.015100051,0.051031463,0.0,0.9024323
428,0.08131286,0.19564794,0.0,3.5963
429,0.07820293,0.17515397,0.0,5.693842
430,0.023334423,0.0793046,0.0,1.458782
431,0.09687553,0.20523109,0.0,3.3891947
432,0.116094224,0.23902388,0.0,2.8098507
433,0.08860704,0.21690829,0.0,5.16323
434,0.14252073,0.29148677,0.0,4.5079727
435,0.08059143,0.19899133,0.0,3.9687355
436,0.07890058,0.18262008,0.0,3.4965231
437,0.059716612,0.13884924,0.0,2.1893404
438,0.05538813,0.14960533,0.0,2.5174842
439,0.16215742,0.2684787,0.0,3.7163808
440,0.03739093,0.10982384,0.0,2.25966
441,0.096369065,0.22376502,0.0,4.087966
442,0.13457961,0.32078934,0.0,4.924834
443,0.13683045,0.2286688,0.0,2.8516076
444,0.13464549,0.2615888,0.0,3.7038453
445,0.1328863,0.25784925,0.0,6.2975154
446,0.021814233,0.06676929,0.0,1.3884293
447,0.037174404,0.12626573,0.0,2.5007799
448,0.13251258,0.27818686,0.0,5.104479
449,0.2013673,0.31557906,0.0,4.6069903
450,0.18159752,0.3302703,0.0,4.852359
451,0.011401054,0.046296377,0.0,1.1504928
452,0.07726706,0.1440325,0.0,1.7626876
453,0.24874462,0.43167207,0.0,4.5040593
454,0.04622067,0.13791579,0.0,2.2995226
455,0.025307652,0.09563653,0.0,2.4185445
456,0.17981315,0.45312846,0.0,6.282186
457,0.1823825,0.2826876,0.0,5.094709
458,0.09838291,0.20464295,0.0,2.9964929
459,0.20797329,0.41242677,0.0,6.9701376
460,0.07051105,0.40395972,0.0,10.094082
461,0.11388487,0.22984798,0.0,4.774678
462,0.26249918,0.49702632,0.0,4.839029
463,0.07466081,0.16386248,0.0,2.9495165
464,0.08150307,0.19051977,0.0,4.378031
465,0.6671203,0.96206504,0.0,8.744311
466,0.10013259,0.22319008,0.0,3.9882538
467,0.021104604,0.07485996,0.0,1.9880605
468,0.14051998,0.31055415,0.0,6.3374977
469,0.09325114,0.19291557,0.0,4.2689724
470,0.02978848,0.11040885,0.0,2.9478374
471,0.24936035,0.4183977,0.0,5.0710287
472,0.33600268,0.5919365,0.0,6.6811094
473,0.06136693,0.21618688,0.0,4.544889
474,0.054545656,0.1299393,0.0,2.2234015
475,0.08217063,0.21551606,0.0,5.313027
476,0.013721019,0.048882544,0.0,1.2446811
477,0.08723492,0.180111,0.0,4.6697526
478,0.0886959,0.21234088,0.0,6.488891
479,0.05154652,0.14980218,0.0,3.9286287
480,0.03296448,0.07146433,0.0,0.87765425
481,0.14963771,0.29364482,0.0,4.807847
482,0.2046284,0.31242976,0.0,3.7206035
483,0.033166792,0.16479778,0.0,4.6850605
484,0.06803263,0.17417729,0.0,4.169175
485,0.15738147,0.328173,0.0,3.8048124
486,0.032073066,0.09368572,0.0,2.4266548
487,0.021757917,0.0823065,0.0,2.7175498
488,0.012621411,0.049312096,0.0,1.9618143
489,0.206351,0.34734443,0.0,4.1893687
490,0.13536318,0.20900403,0.0,3.0977864
491,0.16781276,0.2979771,0.0,3.2271485
492,0.06749777,0.18003035,0.0,3.8501332
493,0.11867108,0.23594327,0.0,5.872845
494,0.024733268,0.08960123,0.0,2.129589
495,0.1821718,0.30917695,0.0,3.5525737
496,0.083804965,0.176739,0.0,4.020399
497,0.16467296,0.3352922,0.0,7.3901386
498,0.09821929,0.18898724,0.0,3.776174
499,0.25612816,0.38968137,0.0,4.2360697
500,0.04913948,0.13285513,0.0,2.452683
501,0.1464813,0.30070555,0.0,4.533291
502,0.052611627,0.14301771,0.0,2.7723236
503,0.26519457,0.27057645,0.0,2.0835102
504,0.024002744,0.07112999,0.0,1.5122056
505,0.076325215,0.19916734,0.0,4.434699
506,0.0878362,0.21111502,0.0,4.6418557
507,0.08276114,0.19418618,0.0,4.3001976
508,0.23192988,0.36637625,0.0,4.7169695
509,0.06443078,0.14791784,0.0,3.2428558
510,0.087736,0.22693603,0.0,4.385529
511,0.04766739,0.13919006,0.0,3.9655974
512,0.05693009,0.19159542,0.0,3.7988758
513,0.1863507,0.37003624,0.0,6.188228
514,0.032868333,0.099081166,0.0,1.9590591
515,0.020334573,0.10356146,0.0,3.4630678
516,0.053491145,0.14382808,0.0,3.700723
517,0.023781762,0.07720642,0.0,2.450233
518,0.10330313,0.28686044,0.0,4.206834
519,0.42494717,0.8695488,0.0,8.495649
520,0.013752421,0.054849695,0.0,1.4091005
521,0.08814001,0.21829773,0.0,3.2977855
522,0.06969953,0.15527646,0.0,2.4356062
523,0.050913267,0.19282319,0.0,3.5478423
524,0.1042692,0.22774768,0.0,3.2709725
525,0.055168506,0.1379497,0.0,2.4770644
526,0.16837767,0.40299922,0.0,5.0605974
527,0.03356462,0.10538381,0.0,1.9086541
528,0.12752408,0.2756596,0.0,3.5702271
529,0.034355678,0.121004224,0.0,4.598923
530,0.11981903,0.24101327,0.0,4.3788033
531,0.02338748,0.080225855,0.0,2.745055
532,0.07545122,0.18725604,0.0,3.5668795
533,0.042188823,0.12109457,0.0,3.2071686
534,0.25091597,0.5034642,0.0,6.8582506
535,0.07280068,0.18034701,0.0,3.738947
536,0.14632624,0.30278382,0.0,4.7371664
537,0.0771142,0.17423,0.0,3.1542542
538,0.24991457,0.34423783,0.0,4.8801975
539,0.18466748,0.33254102,0.0,6.676911
540,0.05396767,0.15486203,0.0,3.01918
541,0.22595994,0.42202145,0.0,6.263033
542,0.02646908,0.09370515,0.0,2.5451756
543,0.15869752,0.42873162,0.0,7.6438375
544,0.065805465,0.18939179,0.0,3.6028907
545,0.087243564,0.19162598,0.0,3.4447594
546,0.06975333,0.16118306,0.0,3.082269
547,0.082223535,0.19362395,0.0,4.520069
548,0.6379931,0.8645339,0.0,6.040576
549,0.27170086,0.66335475,0.0,14.035346
550,0.04298156,0.14057389,0.0,3.4598677
551,0.034968685,0.11232211,0.0,2.622338
552,0.026522852,0.08253497,0.0,1.7774612
553,0.22810353,0.38648218,0.0,5.205802
554,0.085503146,0.22574857,0.0,3.0440936
555,0.13786522,0.25706822,0.0,4.739785
556,0.09116103,0.18001728,0.0,5.304273
557,0.086506374,0.22256382,0.0,5.724205
558,0.04799021,0.115167916,0.0,2.113776
559,0.16365156,0.37251878,0.0,6.7271366
560,0.107356906,0.22789809,0.0,3.558081
561,0.11533446,0.22465774,0.0,4.913763
562,0.02673348,0.093961254,0.0,2.0779183
563,0.049555186,0.15677667,0.0,4.042083
564,0.052159645,0.14221008,0.0,2.928201
565,0.080336735,0.1951066,0.0,3.814382
566,0.10387078,0.22546947,0.0,4.1259623
567,0.07599028,0.17932212,0.0,3.9691923
568,0.14356706,0.2588524,0.0,3.468278
569,0.03233771,0.10926581,0.0,3.0201995
570,0.052930854,0.13968393,0.0,2.474175
571,0.30260035,0.46687925,0.0,4.074573
572,0.2347237,0.39411998,0.0,6.2814956
573,0.12581906,0.25888023,0.0,4.07038
574,0.09623592,0.19899979,0.0,3.1657505
575,0.106200695,0.21472149,0.0,2.6439512
576,0.07347384,0.16809714,0.0,1.9737238
577,0.043768443,0.15060931,0.0,5.2680726
578,0.64102954,0.6567876,0.0,4.3902817
579,0.18701653,0.41131434,0.0,6.2001204
580,0.067790024,0.15535448,0.0,2.732865
581,0.026067486,0.07828769,0.0,2.6643894
582,0.010688371,0.045510706,0.0,2.0412972
583,0.015250858,0.05008911,0.0,1.1896027
584,0.028070014,0.11792525,0.0,3.2631748
585,0.08917646,0.18228136,0.0,3.8890927
586,0.07306945,0.18443084,0.0,3.950758
587,0.020207856,0.070708215,0.0,1.7067125
588,0.041245084,0.109692656,0.0,2.2913358
589,0.042039074,0.121121556,0.0,3.4689138
590,0.18651341,0.2910707,0.0,3.9121275
591,0.04208812,0.12799144,0.0,4.160291
592,0.03675199,0.13367109,0.0,4.311513
593,0.021738471,0.07207133,0.0,2.157743
594,0.6638449,0.87171936,0.0,7.228925
595,0.035864152,0.09087495,0.0,2.188699
596,0.16924222,0.30901396,0.0,4.2713966
597,0.13617162,0.2724225,0.0,4.476932
598,0.110052295,0.3229569,0.0,5.3248596
599,0.11142614,0.24237987,0.0,3.5718453
600,0.16588569,0.26570216,0.0,3.6956763
601,0.2691146,0.5148319,0.0,4.889305
602,0.023281837,0.08237689,0.0,2.5753386
603,0.049356718,0.15531999,0.0,3.5932374
604,0.24620818,0.4582579,0.0,6.227181
605,0.049751144,0.12538941,0.0,2.1514142
606,0.1025697,0.22840175,0.0,5.7634873
607,0.19620681,0.3619005,0.0,6.007228
608,0.026584167,0.1080031,0.0,3.626649
609,0.0659751,0.20674981,0.0,4.032689
610,0.1537124,0.332147,0.0,9.268762
611,0.05519618,0.1714887,0.0,5.297542
612,0.075967774,0.1787768,0.0,3.4161956
613,0.044014588,0.16878599,0.0,5.197996
614,0.08167066,0.17982543,0.0,4.169665
615,0.0807709,0.43879962,0.0,6.573074
616,0.039580215,0.12534586,0.0,2.9426537
617,0.08749548,0.19320141,0.0,4.5443993
618,0.04808204,0.20023923,0.0,4.9820404
619,0.039735395,0.1531801,0.0,4.255149
620,0.34233573,0.46811014,0.0,4.7051535
621,0.0780992,0.16197504,0.0,2.9784544
622,0.20037238,0.42564833,0.0,6.079684
623,0.022098543,0.10388409,0.0,3.873485
624,0.032503847,0.10444655,0.0,2.337213
625,0.06099479,0.14249927,0.0,2.7357008
626,0.019451082,0.074562825,0.0,2.1946886
627,0.098488905,0.20484711,0.0,5.017104
628,0.07727984,0.15911601,0.0,2.948716
629,0.025804322,0.077070385,0.0,1.8135332
630,0.030358791,0.11600639,0.0,5.4441
631,0.11814541,0.23346762,0.0,3.565867
632,0.15195851,0.2690522,0.0,4.1013694
633,0.11962728,0.24447246,0.0,3.5325341
634,0.078961134,0.30183807,0.0,8.111488
635,0.030261219,0.08527825,0.0,1.3735411
636,0.11899716,0.21941072,0.0,3.2743368
637,0.12531066,0.3096158,0.0,5.2473493
638,0.13610375,0.24607508,0.0,2.947265
639,0.0215657,0.09824359,0.0,2.7598124
640,0.26704386,0.57091224,0.0,9.843765
641,0.08006973,0.20242235,0.0,6.431447
642,0.06459074,0.18910688,0.0,4.062913
643,0.18821128,0.41021734,0.0,4.6125584
644,0.03028384,0.10717365,0.0,2.9000032
645,0.3860486,0.61086476,0.0,6.004083
646,0.09273408,0.24670888,0.0,4.98363
647,0.12582672,0.23272903,0.0,3.816881
648,0.20709905,0.38339606,0.0,4.279831
649,0.060698017,0.14323929,0.0,2.981765
650,0.13872972,0.25651965,0.0,3.6724536
651,0.03241664,0.09580313,0.0,2.6908348
652,0.10226186,0.22642566,0.0,2.9820986
653,0.043464992,0.11592264,0.0,2.8160295
654,0.020805212,0.07603763,0.0,2.66526
655,0.14270867,0.2545398,0.0,4.390937
656,0.2649256,0.38174933,0.0,5.9141436
657,0.068420365,0.19949389,0.0,5.7375164
658,0.24292468,0.3475956,0.0,5.7021136
659,0.049787227,0.11650731,0.0,3.1992621
660,0.045339845,0.12547214,0.0,2.2294238
661,0.14126422,0.24670132,0.0,3.9249952
662,0.12020283,0.23863414,0.0,4.9976263
663,0.13151743,0.27807516,0.0,4.574831
664,0.12162035,0.2734605,0.0,7.131673
665,0.14310375,0.27832994,0.0,7.4932656
666,0.022159427,0.093190335,0.0,2.3840604
667,0.061263323,0.15375875,0.0,3.4283988
668,0.12687269,0.3690025,0.0,6.093326
669,0.020945635,0.071939304,0.0,3.3028781
670,0.16703743,0.3496563,0.0,4.5732102
671,0.38595787,0.5050133,0.0,3.6934948
672,0.10635072,0.19183232,0.0,4.232632
673,0.21644394,0.34949422,0.0,5.7451987
674,0.1587455,0.4045331,0.0,8.593735
675,0.031583555,0.10096994,0.0,3.3618946
676,0.082675144,0.17169134,0.0,3.9819934
677,0.15622263,0.29663524,0.0,4.3631406
678,0.026536252,0.101999044,0.0,2.8915107
679,0.115903884,0.22964029,0.0,4.7497535
680,0.24068193,0.42301252,0.0,5.8166
681,0.06718945,0.21794637,0.0,5.026652
682,0.083608516,0.21132345,0.0,3.261383
683,0.097234994,0.20370771,0.0,3.4753232
684,0.21322547,0.46963263,0.0,5.696185
685,0.075669006,0.18167274,0.0,2.6426408
686,0.17013304,0.31544012,0.0,4.4799676
687,0.06848131,0.17018244,0.0,3.3458264
688,0.06223706,0.17415433,0.0,4.000197
689,0.21562569,0.2994484,0.0,3.8766625
690,0.18155937,0.24835078,0.0,2.7274823
691,0.668549,0.5705847,0.0,4.2343483
692,0.36454692,0.87098944,0.0,11.341832
693,0.06536449,0.14474916,0.0,4.8206854
694,0.08859057,0.23667558,0.0,3.7337577
695,0.23070799,0.30982718,0.0,2.737544
696,0.059450988,0.154002,0.0,3.3815508
697,0.07947171,0.17599759,0.0,2.4088552
698,0.19468352,0.41424778,0.0,7.5492535
699,0.41310742,0.623624,0.0,6.57658
700,0.0390027,0.12768024,0.0,3.1820574
701,0.09376156,0.17918566,0.0,3.2523136
702,0.09727659,0.24055961,0.0,3.6937804
703,0.03451972,0.095365286,0.0,2.0502026
704,0.37851268,0.52738005,0.0,6.3021936
705,0.08120016,0.18132478,0.0,3.4152071
706,0.042305045,0.118590176,0.0,2.586042
707,0.04055922,0.14886639,0.0,5.5598674
708,0.138251,0.29280087,0.0,4.467819
709,0.03467495,0.09963403,0.0,2.089989
710,0.2763149,0.40297908,0.0,4.80386
711,0.06319064,0.18272428,0.0,3.4192986
712,0.02108442,0.09306411,0.0,3.4296725
713,0.21734156,0.4113553,0.0,4.7773495
714,0.009374625,0.045992095,0.0,1.4394941
715,0.14759499,0.4054476,0.0,7.1001177
716,0.16051187,0.27771845,0.0,4.0853915
717,0.07676366,0.15835895,0.0,2.92994
718,0.025617773,0.07756653,0.0,1.8668956
719,0.17882898,0.30159327,0.0,3.804009
720,0.082471974,0.21024099,0.0,3.113726
721,0.083800584,0.20850764,0.0,5.4677896
722,0.22177766,0.3391128,0.0,4.5896735
723,0.02102419,0.06550209,0.0,1.0493332
724,0.035374567,0.1227802,0.0,2.3290687
725,0.26843753,0.47754258,0.0,5.3850927
726,0.069089845,0.16934335,0.0,3.461498
727,0.13707715,0.31175584,0.0,5.551445
728,0.1785274,0.28986076,0.0,3.0326033
729,0.18525393,0.32441708,0.0,4.9091787
730,0.044234592,0.12620813,0.0,2.5900023
731,0.17184626,0.26552567,0.0,3.1552258
732,0.07865294,0.16664723,0.0,3.032187
733,0.31839186,0.5495391,0.0,7.94423
734,0.078724235,0.16249372,0.0,5.8843703
735,0.022919161,0.06057036,0.0,1.0984145
736,0.05943108,0.19616377,0.0,4.6869636
737,0.108872935,0.2485412,0.0,4.464603
738,0.04387476,0.16666643,0.0,4.634417
739,0.06615555,0.13511863,0.0,3.012628
740,0.037275262,0.10719396,0.0,2.096071
741,0.05358984,0.1543459,0.0,3.4845884
742,0.07912485,0.19365765,0.0,5.566438
743,0.18207179,0.28580242,0.0,2.800783
744,0.0147039015,0.057270825,0.0,1.77616
745,0.012112487,0.04795542,0.0,1.3288223
746,0.21529634,0.44101194,0.0,6.2162905
747,0.08713557,0.20310889,0.0,4.487184
748,0.09809921,0.19228397,0.0,4.1327114
749,0.088355504,0.28776252,0.0,6.647239
750,0.03602243,0.10239238,0.0,2.3091607
751,0.14274605,0.2520396,0.0,4.599154
752,0.030360684,0.13842265,0.0,5.0415726
753,0.07774582,0.1991178,0.0,5.3682575
754,0.03908847,0.16065727,0.0,4.1750107
755,0.039023522,0.11120603,0.0,2.5570433
756,0.022704115,0.07771023,0.0,1.8167037
757,0.044312675,0.12272809,0.0,3.7617106
758,0.038871925,0.10990267,0.0,2.206593
759,0.027822938,0.0764717,0.0,1.921483
760,0.11685383,0.29522204,0.0,4.361929
761,0.09643603,0.2551856,0.0,4.3874483
762,0.3271515,0.6552748,0.0,8.734799
763,0.09307873,0.22990912,0.0,4.423064
764,0.1409669,0.26844493,0.0,4.4907727
765,0.44515562,0.6427706,0.0,7.739968
766,0.13939513,0.39000654,0.0,6.434357
767,0.14448774,0.3956899,0.0,9.634303
768,0.037975326,0.11201584,0.0,1.8307202
769,0.11985741,0.2816441,0.0,5.406511
770,0.12886813,0.37926668,0.0,7.635639
771,0.2885044,0.5443835,0.0,5.7363024
772,0.13150238,0.43540883,0.0,9.369477
773,0.04423439,0.11575616,0.0,1.5747527
774,0.056481514,0.14978229,0.0,3.2832527
775,0.08241787,0.25748697,0.0,4.406626
776,0.14355765,0.3064538,0.0,4.5219812
777,0.38653666,0.6363759,0.0,8.45573
778,0.19256486,0.31822813,0.0,6.1664653
779,0.26121414,0.5041708,0.0,4.4844823
780,0.16528744,0.3983055,0.0,5.858081
781,0.052013684,0.13312903,0.0,2.5462613
782,0.040859148,0.1547536,0.0,4.594149
783,0.06466264,0.14811198,0.0,2.2515929
784,0.11215533,0.26177537,0.0,3.525129
785,0.040100094,0.13559735,0.0,3.5828168
786,0.09226698,0.20809123,0.0,4.451716
787,0.12443588,0.27046135,0.0,4.6664414
788,0.25925305,0.44548735,0.0,5.7642803
789,0.26284963,0.36693257,0.0,3.3064833
790,0.21569619,0.4168698,0.0,5.008044
791,0.11733386,0.23880069,0.0,3.359804
792,0.30877614,0.8813209,0.0,14.788623
793,0.13742264,0.21882199,0.0,2.875742
794,0.09340592,0.20537458,0.0,3.4731083
795,0.024985291,0.084656216,0.0,1.9672031
796,0.07813797,0.18979044,0.0,3.8643486
797,0.04810226,0.18910669,0.0,7.482188
798,0.0768636,0.22580072,0.0,4.783709
799,0.17274085,0.33910576,0.0,4.420846
800,0.2610199,0.60073566,0.0,7.8127537
801,0.06318537,0.16031758,0.0,3.1975908
802,0.030586826,0.098274946,0.0,2.460437
803,0.055446025,0.1592168,0.0,3.8865154
804,0.060289375,0.1483751,0.0,2.7231567
805,0.16480623,0.35847652,0.0,5.711979
806,0.078773096,0.16731365,0.0,2.4822695
807,0.020899853,0.07285082,0.0,1.639395
808,0.103366554,0.25318578,0.0,4.495852
809,0.35223448,0.68034256,0.0,7.7852707
810,0.12515551,0.23658735,0.0,3.945355
811,0.18156596,0.2908407,0.0,4.0930743
812,0.18934356,0.31673536,0.0,5.874709
813,0.070433654,0.15331665,0.0,3.2840862
814,0.26201284,0.6352699,0.0,9.772254
815,0.048918925,0.13851291,0.0,3.2706778
816,0.03268627,0.091741756,0.0,2.1205988
817,0.051724378,0.13549472,0.0,2.8302767
818,0.05845207,0.15736051,0.0,3.6826022
819,0.11363597,0.26968545,0.0,5.875416
820,0.14947025,0.27696237,0.0,4.7499313
821,0.5596522,0.9325082,0.0,8.72751
822,0.061687987,0.144971,0.0,2.6073565
823,0.1087901,0.22326541,0.0,3.522414
824,0.038471956,0.1148736,0.0,4.0306716
825,0.014674265,0.048897143,0.0,0.9501317
826,0.03376918,0.11383838,0.0,3.8262734
827,0.13747042,0.2528247,0.0,3.2272773
828,0.057585906,0.14902698,0.0,2.5776956
829,0.09327102,0.2784934,0.0,7.0844946
830,0.106227845,0.33441663,0.0,5.930405
831,0.046546698,0.1388624,0.0,2.7451873
832,0.10050911,0.23916787,0.0,5.221733
833,0.02667641,0.090370774,0.0,2.595377
834,0.10250264,0.17276284,0.0,1.9463515
835,0.1164845,0.22640763,0.0,3.4310527
836,0.037075706,0.10375733,0.0,1.8863405
837,0.07961593,0.19879316,0.0,4.0551267
838,0.04389079,0.14426595,0.0,2.486451
839,0.14198467,0.23068403,0.0,2.864601
840,0.2836865,0.37630913,0.0,4.0520024
841,0.035728417,0.13509561,0.0,4.6044226
842,0.027578903,0.13759553,0.0,3.7907403
843,0.14411782,0.28791517,0.0,4.207347
844,0.1126442,0.22949617,0.0,4.1058536
845,0.06146138,0.15233983,0.0,2.3100708
846,0.13329473,0.27661932,0.0,4.103452
847,0.2049364,0.35970742,0.0,5.190718
848,0.098846756,0.21330269,0.0,4.389153
849,0.08286547,0.15659305,0.0,2.1476567
850,0.08607539,0.20218885,0.0,3.5977185
851,0.13402444,0.28598928,0.0,4.033366
852,0.049509153,0.15889497,0.0,4.5479517
853,0.01617227,0.059827633,0.0,1.900688
854,0.08253573,0.22375458,0.0,5.4897485
855,0.056268744,0.1541657,0.0,5.5336614
856,0.09283204,0.20684807,0.0,4.176801
857,0.01975195,0.08753739,0.0,2.6271982
858,0.02673129,0.08750224,0.0,2.351332
859,0.2112722,0.43762338,0.0,5.7022505
860,0.04523788,0.15249248,0.0,3.9849598
861,0.046216454,0.14808439,0.0,4.7504206
862,0.047996607,0.11327635,0.0,2.436018
863,0.016484233,0.06573794,0.0,1.6671869
864,0.35429323,0.4568359,0.0,7.181333
865,0.06636872,0.15617141,0.0,2.6651895
866,0.15047157,0.3985849,0.0,6.562693
867,0.092466176,0.21745746,0.0,4.231428
868,0.062691495,0.24159592,0.0,5.3550205
869,0.09804955,0.30821806,0.0,8.182248
870,0.07375158,0.17670274,0.0,3.1010447
871,0.06639258,0.19052748,0.0,3.9887495
872,0.056938466,0.15489452,0.0,3.41243
873,0.013931597,0.058354422,0.0,2.0147097
874,0.042327918,0.10112907,0.0,3.8688896
875,0.06633642,0.14331494,0.0,1.9429125
876,0.042559236,0.16807611,0.0,5.1274185
877,0.031228604,0.07633859,0.0,1.3145381
878,0.051380552,0.13591783,0.0,2.5787768
879,0.062527776,0.15881781,0.0,2.1849751
880,0.07828562,0.22763333,0.0,8.791041
881,0.21444274,0.4640715,0.0,8.611586
882,0.10103535,0.27181354,0.0,5.947126
883,0.3466506,0.5669025,0.0,9.097309
884,0.09104901,0.211497,0.0,4.8143883
885,0.15763682,0.27269918,0.0,2.6465077
886,0.042220637,0.09792553,0.0,2.2651067
887,0.08179143,0.21276246,0.0,3.7225747
888,0.06282361,0.13232966,0.0,4.138853
889,0.029192822,0.08992633,0.0,2.091098
890,0.040100392,0.11268485,0.0,2.1409097
891,0.020765588,0.07191477,0.0,1.3827538
892,0.06813148,0.15754122,0.0,5.1562967
893,0.056340516,0.14551647,0.0,3.909742
894,0.03521643,0.12659952,0.0,3.5627537
895,0.021140382,0.08253346,0.0,3.2915964
896,0.3158762,0.5801545,0.0,6.7461348
897,0.2729131,0.49472582,0.0,6.6246495
898,0.13679111,0.38461503,0.0,6.592293
899,0.046150513,0.17528601,0.0,5.980991
900,0.027740955,0.09358152,0.0,2.4644275
901,0.09027571,0.23318467,0.0,4.3410134
902,0.08914734,0.20488884,0.0,4.5619226
903,0.3056679,0.54645514,0.0,7.309934
904,0.15672778,0.39708716,0.0,6.6909914
905,0.09880315,0.20898801,0.0,2.668173
906,0.20086274,0.34719774,0.0,7.076639
907,0.050587296,0.15141426,0.0,3.722205
908,0.051079966,0.11535227,0.0,2.3278205
909,0.048424874,0.113015115,0.0,1.7845608
910,0.051215533,0.1304697,0.0,2.914844
911,0.20249875,0.40029517,0.0,6.545506
912,0.23372762,0.46985006,0.0,10.803275
913,0.04341692,0.1660153,0.0,4.007694
914,0.14931211,0.33652192,0.0,5.282032
915,0.017216599,0.061345983,0.0,1.3447145
916,0.01760881,0.07991741,0.0,2.0706205
917,0.17680842,0.26307943,0.0,4.2423625
918,0.0653245,0.14257385,0.0,4.116367
919,0.0595967,0.19314422,0.0,4.4350643
920,0.08477926,0.26515967,0.0,5.9525905
921,0.043412264,0.15552026,0.0,3.2784019
922,0.08165685,0.19884999,0.0,4.786406
923,0.091370925,0.2815533,0.0,4.8501625
924,0.03820071,0.11329804,0.0,3.6985373
925,0.062931284,0.15998739,0.0,3.3123484
926,0.076972365,0.16201286,0.0,2.8159716
927,0.29184532,0.4517984,0.0,5.1727695
928,0.05667132,0.19940297,0.0,5.5444746
929,0.07561103,0.1794741,0.0,4.433468
930,0.103377506,0.27269804,0.0,7.489009
931,0.20599227,0.42336047,0.0,5.6504474
932,0.22762984,0.55955184,0.0,9.379671
933,0.034363274,0.09489305,0.0,2.4134545
934,0.024430357,0.07851748,0.0,3.4639397
935,0.056518756,0.1799697,0.0,6.0590167
936,0.09973788,0.22018239,0.0,4.309713
937,0.031250555,0.10424202,0.0,2.4167495
938,0.031254716,0.08690849,0.0,1.7570649
939,0.16256848,0.3911709,0.0,6.682013
940,0.043890227,0.12149499,0.0,2.7154052
941,0.027637497,0.090060115,0.0,2.322883
942,0.05468963,0.15809435,0.0,3.5637865
943,0.23233809,0.44367737,0.0,6.3529706
944,0.030693082,0.10697216,0.0,2.7762012
945,0.03996585,0.12787893,0.0,2.3581994
946,0.033100795,0.14026143,0.0,3.308328
947,0.39585748,0.6082695,0.0,9.505626
948,0.16196153,0.39324135,0.0,8.768387
949,0.29988092,0.6022077,0.0,8.836499
950,0.0150387725,0.047635656,0.0,0.8401967
951,0.08357691,0.16297464,0.0,2.975587
952,0.063624315,0.15186073,0.0,4.2502813
953,0.05968138,0.2015035,0.0,3.7283893
954,0.036932368,0.12820557,0.0,5.2123938
955,0.03535543,0.10454945,0.0,2.1408074
956,0.111068346,0.19576716,0.0,2.4659634
957,0.026524872,0.1008851,0.0,3.1375134
958,0.17357168,0.33860606,0.0,5.2301235
959,0.092463315,0.30451494,0.0,8.782995
960,0.061944682,0.17596093,0.0,4.8885655
961,0.020948034,0.062468924,0.0,1.1017689
962,0.05925661,0.14964516,0.0,4.4961514
963,0.33166593,0.59990376,0.0,4.995515
964,0.06160504,0.15684967,0.0,3.124592
965,0.12762934,0.25171483,0.0,5.3352757
966,0.011771311,0.059356585,0.0,2.3044832
967,0.06100718,0.16847698,0.0,4.281891
968,0.15076087,0.2952302,0.0,4.633396
969,0.12473437,0.21716408,0.0,2.851003
970,0.0492109,0.16515611,0.0,3.8446634
971,0.30583805,0.49436378,0.0,5.3090124
972,0.03049101,0.13161156,0.0,5.104867
973,0.038754925,0.10250773,0.0,1.7112309
974,0.10237004,0.23645496,0.0,6.234044
975,0.09594185,0.2730378,0.0,5.5262446
976,0.041559,0.12930319,0.0,3.8129256
977,0.07096512,0.20434737,0.0,4.5943265
978,0.1676137,0.48241803,0.0,12.617004
979,0.0486444,0.11535519,0.0,1.78886
980,0.3087318,0.5453268,0.0,8.233315
981,0.054653835,0.14393641,0.0,2.7479856
982,0.020453466,0.08227904,0.0,2.5293663
983,0.050118938,0.14888951,0.0,4.1257
984,0.07539973,0.17906067,0.0,3.4664245
985,0.273065,0.4254085,0.0,4.283415
986,0.032094404,0.09717926,0.0,4.169507
987,0.19779684,0.333008,0.0,4.77312
988,0.08638238,0.18688163,0.0,4.0253363
989,0.47456664,0.60673326,0.0,5.0089483
990,0.29882059,0.43208364,0.0,4.111539
991,0.028640741,0.09502811,0.0,1.9374701
992,0.019218286,0.07026564,0.0,1.5663552
993,0.12362656,0.23520657,0.0,3.0139232
994,0.041422404,0.1341725,0.0,2.664578
995,0.3113028,0.40279177,0.0,5.1331816
996,0.12178699,0.2540641,0.0,5.06967
997,0.10715588,0.21011434,0.0,3.4411542
998,0.052914154,0.14848357,0.0,2.7297823
999,0.032242853,0.09915099,0.0,2.9798882
1000,0.08700156,0.17119272,0.0,3.7502306
1001,0.05230235,0.13656308,0.0,3.3651736
1002,0.19453642,0.3811422,0.0,5.8514814
1003,0.10830278,0.24655084,0.0,5.5490723
1004,0.10558989,0.2156266,0.0,3.7615297
1005,0.09670591,0.31522635,0.0,6.89596
1006,0.09125591,0.19727825,0.0,3.0091
1007,0.028604932,0.08471996,0.0,1.5704788
1008,0.01762355,0.066443555,0.0,1.2670128
1009,0.07434915,0.1734316,0.0,3.5769982
1010,0.09208397,0.18357086,0.0,2.9095674
1011,0.25226492,0.46123874,0.0,4.9624314
1012,0.07625131,0.16756718,0.0,3.0541353
1013,0.049871065,0.1440479,0.0,3.984037
1014,0.04307903,0.15625569,0.0,2.7310078
1015,0.16187546,0.2981161,0.0,3.65689
1016,0.029911954,0.08843322,0.0,1.8820878
1017,0.022193069,0.07339027,0.0,1.6061639
1018,0.14892866,0.27493533,0.0,3.8319683
1019,0.043352146,0.11286987,0.0,2.3540308
1020,0.15561551,0.50209624,0.0,6.598665
1021,0.16351338,0.3469528,0.0,4.938653
1022,0.08791886,0.2179404,0.0,6.254565
1023,0.09775113,0.24694642,0.0,4.6295743
1024,0.083404675,0.17664848,0.0,3.5672863
1025,0.080600925,0.21028161,0.0,3.7205312
1026,0.12144929,0.22635247,0.0,6.204685
1027,0.09641616,0.20609757,0.0,4.388712
1028,0.25915322,0.4161374,0.0,6.0189843
1029,0.06475862,0.16107494,0.0,5.004635
1030,0.035902955,0.086574055,0.0,1.2671824
1031,0.06093675,0.14941292,0.0,2.23148
1032,0.01586181,0.060827617,0.0,2.058796
1033,0.05110614,0.13805947,0.0,3.1263857
1034,0.070193924,0.16709293,0.0,4.2257085
1035,0.16969417,0.30787453,0.0,4.090595
1036,0.051592402,0.13912338,0.0,3.2006905
1037,0.05000277,0.13419348,0.0,2.668267
1038,0.083121076,0.1714022,0.0,2.9145103
1039,0.16117178,0.35388362,0.0,5.170231
1040,0.11048262,0.20501027,0.0,2.911188
1041,0.074152745,0.19117275,0.0,3.7461894
1042,0.035711635,0.1482568,0.0,4.579095
1043,0.0635051,0.23493533,0.0,5.70793
1044,0.040488984,0.12904006,0.0,2.7473474
1045,0.044149794,0.123294726,0.0,2.2349215
1046,0.045648947,0.12187367,0.0,2.964095
1047,0.03409137,0.103299715,0.0,2.962908
1048,0.09157104,0.24074095,0.0,4.9079876
1049,0.20260292,0.30549976,0.0,4.8873844
1050,0.063596204,0.16605012,0.0,3.6040297
1051,0.22181948,0.54450786,0.0,6.2734947
1052,0.063427664,0.1972192,0.0,6.2718644
1053,0.031561304,0.08394722,0.0,1.5992098
1054,0.26974124,0.57702893,0.0,6.051493
1055,0.032433383,0.097970895,0.0,2.4665256
1056,0.03711749,0.13286343,0.0,3.557716
1057,0.08430318,0.19934054,0.0,3.788985
1058,0.41333896,0.73800486,0.0,8.994118
1059,0.0780403,0.14898631,0.0,2.3736143
1060,0.049155336,0.12704904,0.0,2.3330688
1061,0.026960177,0.12085034,0.0,4.436518
1062,0.03507573,0.11758084,0.0,3.171299
1063,0.113804996,0.30891287,0.0,4.388832
1064,0.16820513,0.3234558,0.0,3.8612173
1065,0.05879958,0.20225911,0.0,3.9469554
1066,0.06735298,0.2286158,0.0,6.4293456
1067,0.050837103,0.13446675,0.0,2.6077375
1068,0.04338894,0.13174759,0.0,3.7832377
1069,0.049592555,0.11291108,0.0,2.9453983
1070,0.061449304,0.15366924,0.0,5.429212
1071,0.04521548,0.14237578,0.0,3.7464395
1072,0.05226474,0.15460397,0.0,3.541966
1073,0.3074692,0.50147176,0.0,5.955559
1074,0.103709266,0.26005366,0.0,5.1816583
1075,0.28730652,0.43638077,0.0,4.3715925
1076,0.046711884,0.14166531,0.0,5.3602085
1077,0.20290144,0.35133696,0.0,4.2316895
1078,0.0111863045,0.042690676,0.0,1.1018155
1079,0.13770516,0.31691927,0.0,3.9661486
1080,0.1271207,0.23961897,0.0,3.4866416
1081,0.049007997,0.13799256,0.0,3.878622
1082,0.050544713,0.19382478,0.0,5.8693385
1083,0.2184028,0.35839307,0.0,4.461116
1084,0.063423425,0.16574953,0.0,3.839793
1085,0.024307676,0.060205627,0.0,1.9378879
1086,0.07044927,0.18378702,0.0,3.4256399
1087,0.016271291,0.06058304,0.0,1.7955977
1088,0.17198598,0.4294917,0.0,5.9120674
1089,0.051807396,0.15966141,0.0,3.8854573
1090,0.09577407,0.2215608,0.0,3.4528618
1091,0.04813045,0.14873232,0.0,4.847725
1092,0.2651314,0.6550265,0.0,8.673363
1093,0.071756214,0.19551651,0.0,4.196445
1094,0.08667768,0.24251233,0.0,3.8392358
1095,0.036750928,0.10266104,0.0,2.0462012
1096,0.02543174,0.07731978,0.0,1.5368835
1097,0.07975023,0.17829812,0.0,4.0564885
1098,0.12669298,0.24511898,0.0,4.193299
1099,0.037919685,0.09868809,0.0,1.8531935
1100,0.073316514,0.15906982,0.0,2.2059045
1101,0.12608224,0.29940537,0.0,6.2303
1102,0.19114633,0.42765686,0.0,9.188897
1103,0.055343512,0.16235045,0.0,3.8425937
1104,0.017988063,0.08319817,0.0,3.966866
1105,0.35194597,0.45806453,0.0,4.387886
1106,0.013237697,0.04886682,0.0,0.97591853
1107,0.11133987,0.21410444,0.0,3.4347496
1108,0.10955927,0.24514653,0.0,5.608742
1109,0.16170724,0.30686322,0.0,4.1264415
1110,0.1064853,0.22245853,0.0,4.393335
1111,0.08741772,0.18826522,0.0,3.227004
1112,0.024410497,0.088323094,0.0,3.5459309
1113,0.06892866,0.16124976,0.0,3.605015
1114,0.051492322,0.14565197,0.0,4.1974254
1115,0.062923715,0.14103198,0.0,2.0231762
1116,0.20181905,0.30530387,0.0,5.598898
1117,0.04856978,0.14882556,0.0,4.499817
1118,0.05879548,0.13643636,0.0,2.874049
1119,0.14037228,0.32421064,0.0,4.822558
1120,0.036351386,0.13091238,0.0,2.503437
1121,0.20942312,0.372657,0.0,3.7206807
1122,0.06881954,0.14127907,0.0,3.2422178
1123,0.16660474,0.4740509,0.0,10.186983
1124,0.057077087,0.13782988,0.0,2.5897155
1125,0.015559583,0.051830303,0.0,2.0420828
1126,0.08628689,0.17980959,0.0,3.2321005
1127,0.03347442,0.09542619,0.0,2.0328844
1128,0.04908987,0.1458156,0.0,2.9490843
1129,0.15851367,0.25759268,0.0,3.3865898
1130,0.08173406,0.19794157,0.0,3.8529472
1131,0.013476094,0.050346777,0.0,1.4396337
1132,0.24419986,0.46766338,0.0,6.057104
1133,0.062347315,0.15329248,0.0,3.3395252
1134,0.093786925,0.20766875,0.0,2.995493
1135,0.09762989,0.23707515,0.0,3.1762738
1136,0.12327367,0.23348828,0.0,4.627197
1137,0.09549461,0.18664472,0.0,2.548003
1138,0.07304828,0.18041024,0.0,2.7832873
1139,0.3305226,0.42560402,0.0,5.5770836
1140,0.08526509,0.24750102,0.0,3.9608116
1141,0.062140044,0.15349077,0.0,2.7166848
1142,0.04636486,0.12832631,0.0,3.2160091
1143,0.14166087,0.27375385,0.0,3.6686068
1144,0.21253952,0.34541893,0.0,5.081773
1145,0.056137852,0.16351649,0.0,3.9392068
1146,0.9945426,0.7064267,0.0,4.732029
1147,0.20597255,0.37639976,0.0,5.6581383
1148,0.82705986,1.3619542,0.0,9.422187
1149,0.026589783,0.09858613,0.0,2.5613568
1150,0.03635365,0.12562898,0.0,2.7005205
1151,0.06149837,0.15775868,0.0,2.6919558
1152,0.031052148,0.0981912,0.0,1.9154837
1153,0.19097422,0.3713512,0.0,5.7776036
1154,0.9516046,1.1238467,0.0,8.005617
1155,0.07569817,0.1819893,0.0,4.4718804
1156,0.020033792,0.05606746,0.0,1.2874098
1157,0.03534542,0.094373934,0.0,3.5381062
1158,0.16562434,0.30908653,0.0,4.4722247
1159,0.3233743,0.5704492,0.0,5.3385744
1160,0.5140122,0.91959834,0.0,10.851154
1161,0.03187948,0.07794207,0.0,1.2401146
1162,0.04507329,0.14754306,0.0,3.1314921
1163,0.04281539,0.1524696,0.0,4.7606335
1164,0.12170447,0.24112767,0.0,5.6324134
1165,0.1964458,0.47497472,0.0,5.1228576
1166,0.025936978,0.12230402,0.0,2.6936746
1167,0.28752857,0.51152587,0.0,4.7345037
1168,0.13506131,0.27275035,0.0,4.462233
1169,0.048483107,0.15759926,0.0,4.1312337
1170,0.15381892,0.40751082,0.0,6.961686
1171,0.021765625,0.08812663,0.0,1.9233446
1172,0.19669731,0.31189367,0.0,3.3285093
1173,0.1459473,0.28023398,0.0,3.6772718
1174,0.12240896,0.24188855,0.0,3.5570025
1175,0.021154257,0.055851407,0.0,1.1071202
1176,0.029776132,0.09875858,0.0,2.427497
1177,0.05097123,0.21981129,0.0,4.8543034
1178,0.02913931,0.11532067,0.0,5.787477
1179,0.014236997,0.044076234,0.0,1.0669873
1180,0.025170624,0.09053988,0.0,2.0274873
1181,0.071656846,0.16467665,0.0,3.8846202
1182,0.07126028,0.19243279,0.0,3.3187838
1183,0.11542314,0.28141817,0.0,3.6130242
1184,0.06959653,0.22375478,0.0,4.706906
1185,0.07584664,0.15453096,0.0,2.1346517
1186,0.07652992,0.17865665,0.0,3.293735
1187,0.47559398,0.6809592,0.0,7.7929764
1188,0.05050849,0.14126796,0.0,2.7824972
1189,0.10310801,0.21571602,0.0,3.8946276
1190,0.081700236,0.18792859,0.0,3.4552834
1191,0.031429246,0.08954197,0.0,2.2795246
1192,0.15660095,0.39592993,0.0,5.3015122
1193,0.1488744,0.28436565,0.0,3.8546805
1194,0.062233746,0.17164998,0.0,3.6633742
1195,0.11726374,0.30555084,0.0,7.936337
1196,0.039008766,0.10824954,0.0,2.4232972
1197,0.042109117,0.116241835,0.0,3.084604
1198,0.027369305,0.11403806,0.0,2.7054572
1199,0.03991168,0.11408165,0.0,3.3734365
1200,0.056780394,0.14761212,0.0,5.6019998
1201,0.12814035,0.27063024,0.0,3.0189066
1202,0.11637843,0.22152402,0.0,3.9580321
1203,0.063707165,0.16505122,0.0,2.97923
1204,0.17209555,0.3420035,0.0,3.970866
1205,0.054290712,0.21682434,0.0,5.6944594
1206,0.15646313,0.2643642,0.0,3.0824869
1207,0.16857064,0.30759424,0.0,3.3786745
1208,0.1295478,0.28185752,0.0,3.9095023
1209,0.097821,0.23973486,0.0,5.288505
1210,0.05575925,0.17505077,0.0,4.5556865
1211,0.073840834,0.2648122,0.0,6.8046465
1212,0.015409398,0.071851045,0.0,2.5893583
1213,0.13138051,0.23713338,0.0,4.192227
1214,0.039380163,0.14480658,0.0,5.6048117
1215,0.108419925,0.23932047,0.0,3.9365053
1216,0.50579643,0.71748555,0.0,7.130323
1217,0.24810925,0.4027083,0.0,5.242336
1218,0.06588003,0.21563634,0.0,6.0679994
1219,0.07062906,0.23861939,0.0,4.7309594
1220,0.10938659,0.23122878,0.0,4.04036
1221,0.025579773,0.08149948,0.0,1.9263296
1222,0.17717807,0.29723874,0.0,3.4120502
1223,0.05823626,0.17967878,0.0,3.8358061
1224,0.19797732,0.32618284,0.0,4.0336137
1225,0.11116211,0.21382564,0.0,4.017941
1226,0.28092232,0.6049703,0.0,9.229953
1227,0.020818165,0.06278919,0.0,1.2038755
1228,0.045246243,0.14245343,0.0,2.7914045
1229,0.13434596,0.28269622,0.0,5.625832
1230,0.052051857,0.16039447,0.0,2.4272406
1231,0.036869735,0.119730495,0.0,2.3471808
1232,0.3248967,0.46274143,0.0,4.8144035
1233,0.07274441,0.15586078,0.0,2.2426271
1234,0.03582356,0.09138844,0.0,3.2785153
1235,0.10345698,0.2170705,0.0,3.3655195
1236,0.11947639,0.23509006,0.0,4.0629835
1237,0.04708627,0.25365403,0.0,8.863376
1238,0.0878108,0.24635847,0.0,3.6737337
1239,0.055118993,0.11528822,0.0,3.1879678
1240,0.057269707,0.16748402,0.0,5.4423037
1241,0.050593235,0.1292532,0.0,3.0494902
1242,0.05288285,0.16168556,0.0,3.8077793
1243,0.025162054,0.0770645,0.0,1.282848
1244,0.053529937,0.1530715,0.0,3.2846224
1245,0.04145851,0.12700906,0.0,2.7739124
1246,0.15565081,0.3674134,0.0,5.0272274
1247,0.08544691,0.17521398,0.0,4.437427
1248,0.021332368,0.06575123,0.0,1.3302603
1249,0.0158865,0.06523996,0.0,2.880243
1250,0.076006815,0.19130518,0.0,6.8535705
1251,0.06476309,0.17894374,0.0,5.202298
1252,0.48356318,0.9249942,0.0,7.4655094
1253,0.053369977,0.13709392,0.0,3.1433086
1254,0.023105366,0.068586215,0.0,2.1024656
1255,0.096324615,0.17238788,0.0,2.3973513
1256,0.25197318,0.4111627,0.0,6.1472754
1257,0.015367377,0.059677545,0.0,1.5123585
1258,0.058795393,0.16608994,0.0,3.3342438
1259,0.03705854,0.13822001,0.0,3.2030365
1260,0.038307704,0.1264245,0.0,2.610688
1261,0.04912185,0.15324473,0.0,3.6653583
1262,0.13658918,0.25887194,0.0,3.617996
1263,0.024719689,0.08255873,0.0,2.3855166
1264,0.11156676,0.24358696,0.0,4.9973607
1265,0.23040614,0.4464575,0.0,5.1705623
1266,0.055630706,0.14063679,0.0,2.4684374
1267,0.025902243,0.08867636,0.0,2.5865119
1268,0.099409975,0.22599567,0.0,5.3551307
1269,0.058744207,0.11747936,0.0,1.9734528
1270,0.03698172,0.101317726,0.0,2.3108811
1271,0.09216195,0.20510508,0.0,2.98123
1272,0.07826507,0.19067244,0.0,4.0117683
1273,0.1474937,0.24095444,0.0,5.2990046
1274,0.04403225,0.14321911,0.0,5.670054
1275,0.080435015,0.17325912,0.0,3.0004907
1276,0.13814592,0.30309996,0.0,8.356201
1277,0.121170126,0.2573833,0.0,4.6120725
1278,0.3894103,0.6136445,0.0,6.0406413
1279,0.045347,0.14401768,0.0,3.4877656
1280,0.05621597,0.22474146,0.0,5.940973
1281,0.112096585,0.22452891,0.0,6.2929206
1282,0.06943614,0.22319506,0.0,6.251597
1283,0.04326205,0.15313122,0.0,5.2448235
1284,0.17626461,0.26280633,0.0,4.4061685
1285,0.08073275,0.16760954,0.0,3.650945
1286,0.15089868,0.34757507,0.0,5.0057983
1287,0.04760708,0.1381656,0.0,4.5672865
1288,0.11629205,0.19142877,0.0,2.653967
1289,0.29864147,0.4950079,0.0,5.842859
1290,0.09890129,0.21458848,0.0,3.4693298
1291,0.084131226,0.14932808,0.0,3.0131013
1292,0.05390669,0.14238337,0.0,3.9924107
1293,0.067819476,0.14259125,0.0,3.1882083
1294,0.018907085,0.06323044,0.0,1.3345293
1295,0.0349705,0.12840313,0.0,6.0226846
1296,0.1352414,0.26923192,0.0,4.6002717
1297,0.0866664,0.22551906,0.0,3.4722404
1298,0.10515525,0.2388587,0.0,5.165464
1299,0.0975352,0.2205732,0.0,4.185197
1300,0.1722366,0.293925,0.0,8.471158
1301,0.046892013,0.10907897,0.0,2.289942
1302,0.052350774,0.1410552,0.0,4.3640323
1303,0.19964716,0.41249025,0.0,7.914937
1304,0.041019887,0.11574968,0.0,2.3085082
1305,0.21249995,0.3324012,0.0,4.457511
1306,0.16092132,0.27391097,0.0,3.4273925
1307,0.024047311,0.072303206,0.0,1.6983016
1308,0.03287559,0.10988309,0.0,2.7864096
1309,0.08080169,0.23725714,0.0,5.626109
1310,0.018330285,0.060900122,0.0,1.3663949
1311,0.05275332,0.16500856,0.0,3.101839
1312,0.054546326,0.17766754,0.0,5.6803527
1313,0.10623844,0.25302315,0.0,6.3335567
1314,0.06928123,0.17328845,0.0,3.0291653
1315,0.046523854,0.14806896,0.0,2.7004657
1316,0.48893183,0.667372,0.0,5.933561
1317,0.13472961,0.30136207,0.0,5.851895
1318,0.1969522,0.35698366,0.0,5.631261
1319,0.09407656,0.21186887,0.0,5.271918
1320,0.072450794,0.18858671,0.0,4.947324
1321,0.056239888,0.1409794,0.0,2.1853135
1322,0.059016906,0.13643652,0.0,2.3966582
1323,0.10579205,0.20001204,0.0,2.701393
1324,0.030928304,0.12306491,0.0,4.0952277
1325,0.11257538,0.22160158,0.0,1.9227195
1326,0.06578775,0.13122231,0.0,2.6953561
1327,0.14030662,0.26270342,0.0,3.5739012
1328,0.20934893,0.38023034,0.0,4.5947676
1329,0.052392006,0.11663811,0.0,2.0693338
1330,0.09835977,0.28917792,0.0,8.308212
1331,0.074270695,0.16547084,0.0,3.2614572
1332,0.042523403,0.13204117,0.0,3.693406
1333,0.15853004,0.3383183,0.0,5.6482735
1334,0.08116169,0.199519,0.0,4.6079574
1335,0.022994949,0.07459729,0.0,2.8191862
1336,0.027294772,0.10584096,0.0,3.9370968
1337,0.04660035,0.115621,0.0,1.5122921
1338,0.048731703,0.158177,0.0,3.3362443
1339,0.025802573,0.08224012,0.0,1.6781418
1340,0.10543225,0.2077771,0.0,2.9756997
1341,0.063049234,0.15183294,0.0,2.947648
1342,0.07983002,0.18181828,0.0,2.5746288
1343,0.119118124,0.257913,0.0,4.201069
1344,0.046721693,0.1362637,0.0,2.8759713
1345,0.071593836,0.22972082,0.0,5.0329247
1346,0.066129625,0.18567614,0.0,3.6944828
1347,0.024036217,0.09619665,0.0,2.3232358
1348,0.09130385,0.2597706,0.0,4.6179323
1349,0.027274454,0.1043365,0.0,2.8735554
1350,0.17405634,0.3448133,0.0,4.9024
1351,0.46002403,0.7077788,0.0,6.546973
1352,0.14469081,0.2556928,0.0,5.4199667
1353,0.044703167,0.17208837,0.0,5.2730975
1354,0.103373855,0.24951656,0.0,4.3771763
1355,0.08811391,0.18045038,0.0,2.7303815
1356,0.12050502,0.22878397,0.0,3.0781655
1357,0.12166189,0.30386904,0.0,5.456855
1358,0.024015388,0.1008422,0.0,3.4504468
1359,0.091072336,0.20961788,0.0,3.690046
1360,0.097780734,0.19458488,0.0,3.2763038
1361,0.06986531,0.15066145,0.0,3.8741717
1362,0.045094322,0.13806485,0.0,3.9328992
1363,0.031261604,0.14320143,0.0,11.902569
1364,0.059513714,0.16577673,0.0,3.6736755
1365,0.15946938,0.35323176,0.0,8.134761
1366,0.020185443,0.062202457,0.0,2.069838
1367,0.113849096,0.28174868,0.0,4.522342
1368,0.12171797,0.2336627,0.0,3.2617016
1369,0.11443738,0.21482769,0.0,3.5006008
1370,0.22076331,0.39739236,0.0,6.8922877
1371,0.4316453,0.5671688,0.0,5.1022406
1372,0.09093028,0.20606591,0.0,4.384829
1373,0.09510216,0.19346419,0.0,3.3783135
1374,0.09248291,0.20542982,0.0,4.4987125
1375,0.052358214,0.13999307,0.0,3.0196633
1376,0.07715292,0.23810256,0.0,9.214789
1377,0.052848995,0.14571652,0.0,3.1566563
1378,0.19202018,0.3692232,0.0,4.777262
1379,0.04617849,0.19276987,0.0,5.478922
1380,0.09679072,0.20800973,0.0,3.427584
1381,0.030659856,0.09354114,0.0,1.7220025
1382,0.06733555,0.24896763,0.0,6.537304
1383,0.016630165,0.050692923,0.0,1.3499736
1384,0.05575468,0.1470929,0.0,2.937803
1385,0.018364819,0.058036897,0.0,1.2718136
1386,0.28021395,0.4054083,0.0,4.0153785
1387,0.06801929,0.15442379,0.0,2.3127048
1388,0.019905087,0.07254902,0.0,1.5586137
1389,0.110940404,0.20017193,0.0,2.8049557
1390,0.080915876,0.34562543,0.0,14.319218
1391,0.0364061,0.13401727,0.0,3.3052957
1392,0.123281665,0.3261968,0.0,7.6552324
1393,0.08624033,0.18943961,0.0,2.8463063
1394,0.16566302,0.31130847,0.0,5.167878
1395,0.114407055,0.25367516,0.0,5.2464657
1396,0.06818473,0.15284328,0.0,2.2313793
1397,0.04907152,0.13902105,0.0,3.1522667
1398,0.08893972,0.21115762,0.0,3.1236362
1399,0.027764807,0.084516846,0.0,2.329477
1400,0.038148314,0.1073543,0.0,2.3107624
1401,0.11230649,0.23748858,0.0,5.5306964
1402,0.098886356,0.21832408,0.0,3.099897
1403,0.037836738,0.1255398,0.0,2.3561332
1404,0.037311863,0.09926014,0.0,1.7816696
1405,0.09003218,0.1739872,0.0,2.0047889
1406,0.031802397,0.1302168,0.0,3.623113
1407,0.22065353,0.6020878,0.0,9.094105
1408,0.83344626,0.95172906,0.0,5.9070396
1409,0.9620787,1.4052364,0.0,11.785505
1410,0.01880893,0.06352214,0.0,1.539483
1411,0.1120974,0.21986826,0.0,2.8868244
1412,0.1264764,0.24807006,0.0,5.878392
1413,0.078853816,0.1791583,0.0,2.8615162
1414,0.12733321,0.27818272,0.0,3.9307132
1415,0.13745965,0.26815444,0.0,3.4930418
1416,0.06761556,0.19065359,0.0,3.0264208
1417,0.12062857,0.22886656,0.0,3.6950877
1418,0.14882083,0.30605534,0.0,5.2380977
1419,0.28713012,0.4947234,0.0,4.9737597
1420,0.24437703,0.39853236,0.0,4.933345
1421,0.17488013,0.36745805,0.0,6.399178
1422,0.027499817,0.072522424,0.0,1.5572557
1423,0.033546194,0.121596694,0.0,3.2906375
1424,0.08890384,0.15949546,0.0,2.1940503
1425,0.04167818,0.114173494,0.0,2.3259144
1426,0.29125172,0.54958296,0.0,8.179556
1427,0.050974548,0.14116932,0.0,4.0291715
1428,0.04296155,0.13387172,0.0,3.33899
1429,0.34138656,0.47796935,0.0,5.5617447
1430,0.050530415,0.15069775,0.0,3.9738026
1431,0.28166422,0.5066167,0.0,7.644169
1432,0.05247942,0.15050948,0.0,3.272651
1433,0.055949822,0.15571278,0.0,2.7520769
1434,0.034299113,0.11520066,0.0,2.5855484
1435,0.055391442,0.15345572,0.0,3.7073495
1436,0.44894835,0.89827925,0.0,11.580969
1437,0.046227742,0.17666997,0.0,4.1040688
1438,0.105465345,0.21286325,0.0,3.1432076
1439,0.050391577,0.1199806,0.0,2.2068317
1440,0.05672866,0.1415608,0.0,2.3302896
1441,0.009604507,0.03951972,0.0,1.0506573
1442,0.19895187,0.31173864,0.0,4.3874393
1443,0.20594636,0.44876525,0.0,6.989243
1444,0.04094844,0.12501904,0.0,2.9434502
1445,0.04792859,0.1438649,0.0,3.84923
1446,0.081746265,0.17735112,0.0,2.452689
1447,0.24413505,0.40861005,0.0,5.7598433
1448,0.0232189,0.07337623,0.0,2.39906
1449,0.021250982,0.069638744,0.0,1.2872777
1450,0.11632528,0.23166169,0.0,3.6423664
1451,0.2982145,0.5657533,0.0,6.0712123
1452,0.121842675,0.26657778,0.0,3.9766533
1453,0.03311733,0.087954916,0.0,1.3144441
1454,0.65705884,0.9678356,0.0,10.125723
1455,0.09788951,0.19136216,0.0,2.909446
1456,0.039241176,0.13899256,0.0,4.103227
1457,0.6015531,0.7416526,0.0,6.767415
1458,0.31034416,0.47151074,0.0,4.814228
1459,0.07417661,0.15207195,0.0,2.8607717
1460,0.0653257,0.18583725,0.0,3.7791948
1461,0.112464905,0.26475212,0.0,4.429747
1462,0.18609607,0.44966978,0.0,7.155259
1463,0.13047148,0.23503982,0.0,3.631289
1464,0.11651367,0.33437085,0.0,4.6975417
1465,0.041993707,0.12464719,0.0,3.4962816
1466,0.059572652,0.15874669,0.0,2.5987685
1467,0.13476558,0.25211006,0.0,4.3546515
1468,0.20615225,0.45969328,0.0,9.465999
1469,0.053942505,0.14242421,0.0,2.801088
1470,0.030451419,0.08543173,0.0,1.7632135
1471,0.006892109,0.032885443,0.0,0.7010971
1472,0.07858179,0.17657198,0.0,2.6120389
1473,0.26955843,0.40514112,0.0,3.9934223
1474,0.06726268,0.16403417,0.0,3.79698
1475,0.04955031,0.16142027,0.0,3.6508527
1476,0.08492738,0.2856041,0.0,7.799376
1477,0.08041015,0.16885448,0.0,2.5675862
1478,0.020812409,0.08137289,0.0,2.3407977
1479,0.2753669,0.49113798,0.0,5.6452165
1480,0.06425487,0.2598799,0.0,6.6380777
1481,0.02288342,0.07620899,0.0,1.806519
1482,0.12920809,0.25417417,0.0,3.9472857
1483,0.19862117,0.3839013,0.0,4.5957894
1484,0.039007295,0.112179466,0.0,3.8552814
1485,0.035790436,0.13871169,0.0,3.9619713
1486,0.040823445,0.1213249,0.0,2.5382836
1487,0.034945607,0.107193016,0.0,2.568953
1488,0.18109016,0.3131435,0.0,4.831019
1489,0.022021096,0.0911291,0.0,3.9276822
1490,0.25342995,0.3724647,0.0,4.2068124
1491,0.074696995,0.18492274,0.0,3.3251536
1492,0.043191217,0.09527604,0.0,1.50866
1493,0.0401194,0.097433016,0.0,1.804244
1494,0.08597381,0.19598679,0.0,3.5087879
1495,0.079702765,0.18857196,0.0,2.724885
1496,0.05679626,0.18167666,0.0,3.7892547
1497,0.048669975,0.13006186,0.0,2.5232913
1498,0.03120309,0.08851627,0.0,3.158444
1499,0.32427716,0.90684617,0.0,14.78581
1500,0.1560168,0.32421786,0.0,4.3097863
1501,0.14040676,0.2871402,0.0,3.886735
1502,0.021380123,0.094970085,0.0,4.2579947
1503,0.074844174,0.22365145,0.0,2.7543519
1504,0.07559138,0.17476054,0.0,3.9286664
1505,0.14485253,0.27581432,0.0,3.5052896
1506,0.055583637,0.14976475,0.0,3.5846112
1507,0.0478568,0.1719149,0.0,3.5865011
1508,0.12640095,0.3312507,0.0,6.9668965
1509,0.14456457,0.31405187,0.0,4.8296366
1510,0.05573758,0.117466,0.0,2.022958
1511,0.07866915,0.20128885,0.0,5.5472507
1512,0.05697041,0.14634828,0.0,3.1630192
1513,0.07537173,0.19539736,0.0,2.9950986
1514,0.24815074,0.38565564,0.0,6.1439366
1515,0.04285691,0.10957147,0.0,2.0714722
1516,0.07137962,0.1976709,0.0,4.08646
1517,0.17459704,0.34653652,0.0,8.328178
1518,0.12285608,0.2764842,0.0,6.2085857
1519,0.058354035,0.15478125,0.0,4.0600204
1520,0.05519806,0.20934935,0.0,5.7622843
1521,0.06909564,0.1593546,0.0,2.837749
1522,0.09699003,0.21872723,0.0,4.4632916
1523,0.2956025,0.578025,0.0,6.6591673
1524,0.053076874,0.16629277,0.0,5.490593
1525,0.060261518,0.19495477,0.0,5.5069885
1526,0.03234754,0.11795365,0.0,2.6394575
1527,0.044048242,0.15752627,0.0,4.2623644
1528,0.0455006,0.17235066,0.0,4.8568764
1529,0.38185734,0.62766886,0.0,7.6061788
1530,0.05441635,0.18609047,0.0,4.6229362
1531,0.3949504,0.65332335,0.0,6.8482814
1532,0.0272124,0.11051624,0.0,2.075432
1533,0.104306385,0.2263234,0.0,4.5080914
1534,0.2564585,0.41867676,0.0,6.230858
1535,0.061894316,0.15096974,0.0,2.9934516
1536,0.3515283,1.0026684,0.0,15.576441
1537,0.013332243,0.07364471,0.0,3.64017
1538,0.1389984,0.27862424,0.0,5.1552916
1539,0.44411123,0.70005006,0.0,8.250132
1540,0.090572245,0.22227123,0.0,5.7218323
1541,0.0392929,0.16916677,0.0,6.544964
1542,0.084826894,0.20647065,0.0,3.9015703
1543,0.1560961,0.2701145,0.0,3.62884
1544,0.120926194,0.33092272,0.0,5.702325
1545,0.31119066,0.61489934,0.0,5.4910903
1546,0.031887706,0.12124596,0.0,5.681153
1547,0.09092018,0.21144564,0.0,4.144964
1548,0.102792956,0.24501692,0.0,4.4776883
1549,0.10638338,0.23427242,0.0,2.503697
1550,0.01306231,0.048622664,0.0,1.3823057
1551,0.3621704,0.48008853,0.0,4.624892
1552,0.0769881,0.1543658,0.0,3.3810859
1553,0.049308784,0.15813816,0.0,3.4160876
1554,0.30185267,0.6160922,0.0,6.6191597
1555,0.19900015,0.34964818,0.0,4.3222857
1556,0.18771413,0.34864286,0.0,4.693086
1557,0.12763225,0.29313478,0.0,4.3380966
1558,0.20665935,0.3403573,0.0,3.805429
1559,0.15076524,0.28252637,0.0,4.2703342
1560,0.17376699,0.6021386,0.0,17.015118
1561,0.083877325,0.22343704,0.0,4.847424
1562,0.04111764,0.13542429,0.0,4.3711367
1563,0.02848518,0.10097275,0.0,2.0093708
1564,0.0292602,0.12029999,0.0,5.0145683
1565,0.16793327,0.36795652,0.0,6.4817376
1566,0.035355415,0.09440777,0.0,1.4027674
1567,0.11240869,0.21573858,0.0,3.4655962
1568,0.15763466,0.36145487,0.0,5.3112755
1569,0.02896489,0.09153351,0.0,2.2728746
1570,0.044926465,0.1348325,0.0,2.6603692
1571,0.23159526,0.4024715,0.0,9.293171
1572,0.048360843,0.14467368,0.0,3.9692671
1573,0.028411373,0.12970485,0.0,4.608503
1574,1.175973,0.90467936,0.0,5.993169
1575,0.6107105,0.90989745,0.0,10.278113
1576,0.06639685,0.18580228,0.0,3.9771411
1577,0.019772988,0.06288034,0.0,1.574253
1578,0.037393253,0.10532639,0.0,3.0224304
1579,0.13578354,0.25355926,0.0,3.9135108
1580,0.17262745,0.31404522,0.0,3.7163963
1581,0.013890985,0.047402613,0.0,1.2305914
1582,0.33984402,0.46225095,0.0,5.8563795
1583,0.07698914,0.19895484,0.0,4.191466
1584,0.03890393,0.11849275,0.0,2.3571637
1585,0.10673705,0.22205994,0.0,4.380215
1586,0.20125206,0.3667702,0.0,4.3340764
1587,0.07676991,0.18910594,0.0,3.809264
1588,0.059643947,0.15594773,0.0,3.6787965
1589,0.14803249,0.290071,0.0,3.7516153
1590,0.09033323,0.22242858,0.0,4.783148
1591,0.8581167,1.0988011,0.0,10.449501
1592,0.029668575,0.11155152,0.0,3.5620434
1593,0.052403282,0.21067798,0.0,6.100221
1594,0.20040157,0.33854386,0.0,3.565621
1595,0.06795923,0.15128182,0.0,2.1818895
1596,0.077964745,0.16433322,0.0,2.1557138
1597,0.100682184,0.19553825,0.0,2.6945972
1598,0.13212089,0.3149774,0.0,4.7129107
1599,0.15144439,0.3116725,0.0,3.911226
1600,0.16678663,0.28682342,0.0,3.844652
1601,0.040212296,0.12383429,0.0,2.7806394
1602,0.04804055,0.13460553,0.0,2.2177055
1603,0.039811388,0.1399493,0.0,3.8150403
1604,0.11328937,0.24874789,0.0,4.1265464
1605,0.1339349,0.2725099,0.0,3.8775704
1606,0.071340054,0.2614171,0.0,6.48615
1607,0.038397178,0.12802048,0.0,3.351119
1608,0.15372121,0.25063977,0.0,4.4210963
1609,0.0838888,0.16294394,0.0,2.2188647
1610,0.32111537,0.44774327,0.0,5.0160584
1611,0.1760712,0.4446913,0.0,7.715412
1612,0.029135877,0.099991515,0.0,1.9833695
1613,0.07090863,0.1516687,0.0,2.863138
1614,0.08869957,0.23557712,0.0,4.8005943
1615,0.043284085,0.11619155,0.0,2.0579472
1616,0.039488528,0.15172791,0.0,5.378139
1617,0.10075012,0.24579206,0.0,5.4181023
1618,0.072510354,0.19126564,0.0,4.1512213
1619,0.027114898,0.11234206,0.0,2.446362
1620,0.051203102,0.16398981,0.0,2.5766246
1621,0.22879055,0.4871211,0.0,5.5401344
1622,0.053479142,0.14871597,0.0,3.4233155
1623,0.022168843,0.06620176,0.0,1.7490215
1624,0.07211639,0.1846942,0.0,3.4369142
1625,0.17458777,0.3220872,0.0,4.5427465
1626,0.048751406,0.13748902,0.0,3.5723646
1627,0.10465642,0.2389095,0.0,6.0629096
1628,0.07844034,0.21536082,0.0,5.421441
1629,0.019372493,0.054167986,0.0,1.0998951
1630,0.010149488,0.04364034,0.0,1.2885828
1631,0.04563605,0.1383262,0.0,3.1945996
1632,0.34221298,0.50825566,0.0,5.246204
1633,0.45629156,0.6520676,0.0,7.0620975
1634,0.020904344,0.07243059,0.0,1.2293894
1635,0.054641396,0.13181463,0.0,2.7905514
1636,0.3064665,0.60284656,0.0,7.4235196
1637,0.13709372,0.32799938,0.0,8.071738
1638,0.036767025,0.119907334,0.0,2.6519134
1639,0.18663222,0.37765735,0.0,9.673905
1640,0.0888914,0.20037796,0.0,4.5053997
1641,0.12643956,0.24345998,0.0,7.6118116
1642,0.10289338,0.2434157,0.0,3.632956
1643,0.056702595,0.16307563,0.0,2.6985219
1644,0.060499452,0.14902352,0.0,2.9615297
1645,0.044455163,0.13790977,0.0,3.147269
1646,0.1650647,0.27878472,0.0,4.2236924
1647,0.018275233,0.079280496,0.0,3.9899554
1648,0.06178666,0.16013286,0.0,3.8325171
1649,0.07526081,0.19938782,0.0,5.568272
1650,0.061361626,0.13940518,0.0,2.3280292
1651,0.11979463,0.26043576,0.0,5.5789776
1652,0.04360835,0.11667086,0.0,2.1408844
1653,0.05678158,0.15239136,0.0,4.339918
1654,0.039986998,0.12689647,0.0,3.0587695
1655,0.10257716,0.20649049,0.0,3.1025977
1656,0.07448205,0.22783135,0.0,5.696407
1657,0.051691808,0.13947827,0.0,2.6663587
1658,0.08761786,0.19139042,0.0,3.3979087
1659,0.04718897,0.1113457,0.0,1.7752788
1660,0.18337856,0.30761293,0.0,4.4788814
1661,0.07300938,0.2607049,0.0,10.067901
1662,0.047055475,0.14336929,0.0,3.7962263
1663,0.08357458,0.21569458,0.0,3.966159
1664,0.15862812,0.26775745,0.0,3.0670726
1665,0.046102036,0.13496248,0.0,4.199448
1666,0.08478095,0.2014865,0.0,4.383066
1667,0.038873054,0.11785377,0.0,2.2286832
1668,0.08800971,0.19664569,0.0,3.6874266
1669,0.051682483,0.12977418,0.0,2.3412828
1670,0.17185946,0.29432896,0.0,3.68079
1671,0.014347818,0.05403529,0.0,1.7712035
1672,0.2730539,0.37283745,0.0,3.0798643
1673,0.120008096,0.3213066,0.0,5.7271466
1674,0.052262157,0.1213315,0.0,2.414447
1675,0.117796384,0.26323122,0.0,4.984176
1676,0.105930105,0.21243015,0.0,3.5395372
1677,0.12066868,0.33621648,0.0,5.2457485
1678,0.03632971,0.1205134,0.0,3.8591352
1679,0.25994837,0.43604234,0.0,5.343
1680,0.03896666,0.10731175,0.0,2.4980369
1681,0.05055656,0.1427797,0.0,2.7765598
1682,0.16741067,0.30782217,0.0,4.950169
1683,0.04772952,0.13677178,0.0,3.437627
1684,0.05189895,0.13258737,0.0,2.591992
1685,0.17903641,0.4146092,0.0,4.9908757
1686,0.16791674,0.4035273,0.0,5.5368567
1687,0.034440417,0.14016813,0.0,3.3285544
1688,0.4206063,0.64336705,0.0,6.309977
1689,0.035266113,0.15200855,0.0,3.8860095
1690,0.04549309,0.15970613,0.0,6.2869987
1691,0.18734875,0.41349036,0.0,5.919371
1692,0.030905627,0.1225062,0.0,4.7109027
1693,0.05479585,0.15366319,0.0,4.8156652
1694,0.019262081,0.055833194,0.0,0.9995306
1695,0.10396561,0.19911005,0.0,3.036986
1696,0.04086521,0.11618855,0.0,3.258195
1697,0.18688354,0.3913295,0.0,7.4676895
1698,0.0942694,0.20610982,0.0,3.8825076
1699,0.080695316,0.1896038,0.0,4.5385003
1700,0.12178634,0.26045766,0.0,4.20605
1701,0.03786332,0.11816385,0.0,3.3302815
1702,0.018743731,0.06335517,0.0,1.4481988
1703,0.16368687,0.33393338,0.0,5.6971126
1704,0.059872944,0.19168101,0.0,4.8287644
1705,0.23668465,0.50127405,0.0,7.1110125
1706,0.11517605,0.28374916,0.0,4.1170306
1707,0.041856717,0.12416396,0.0,1.9589705
1708,0.057250366,0.10588864,0.0,1.5760279
1709,0.06267209,0.17229466,0.0,3.8321266
1710,0.26214275,0.5869442,0.0,5.8354435
1711,0.07200456,0.17637739,0.0,3.2917147
1712,0.09023779,0.20720768,0.0,2.85079
1713,0.3817765,0.5247529,0.0,4.342319
1714,0.055552844,0.11661587,0.0,1.9754882
1715,0.010067718,0.05143124,0.0,2.2779381
1716,0.025971347,0.09400118,0.0,3.1452117
1717,0.09797987,0.20563184,0.0,3.8127003
1718,0.113676846,0.23943521,0.0,4.403712
1719,0.12466748,0.21032657,0.0,2.341082
1720,0.043283843,0.15553339,0.0,4.4038625
1721,0.061425835,0.199761,0.0,4.154315
1722,0.07908703,0.18674238,0.0,3.777294
1723,0.12305978,0.25633487,0.0,5.6680007
1724,0.040741857,0.11830981,0.0,3.0257704
1725,0.13629347,0.27583185,0.0,4.215715
1726,0.10360693,0.2169302,0.0,4.8832583
1727,0.012582972,0.04557001,0.0,1.2866551
1728,0.3912114,0.5920182,0.0,5.6153426
1729,0.13630551,0.2741316,0.0,6.2412457
1730,0.03086721,0.07563696,0.0,1.3932028
1731,0.08150183,0.1869932,0.0,2.9882672
1732,0.101567015,0.22759831,0.0,3.0448527
1733,0.07137987,0.15541896,0.0,2.4860857
1734,0.122603066,0.31406128,0.0,5.8136854
1735,0.048806638,0.13887633,0.0,3.5556562
1736,0.37087557,0.5195372,0.0,5.5699863
1737,0.06628986,0.16814844,0.0,3.0223367
1738,0.023444949,0.08242269,0.0,1.7276945
1739,0.09494405,0.22108538,0.0,3.6871002
1740,0.024901833,0.0645693,0.0,1.5455786
1741,0.077694915,0.1823117,0.0,3.3134444
1742,0.05409717,0.1326355,0.0,1.7992249
1743,0.081875235,0.18175973,0.0,2.713727
1744,0.035599828,0.089664154,0.0,2.1626441
1745,0.14338134,0.35950416,0.0,7.823521
1746,0.024680939,0.09712422,0.0,2.2749279
1747,0.09641691,0.22511627,0.0,3.3388197
1748,0.18527381,0.34606534,0.0,4.023648
1749,0.020533616,0.07464447,0.0,1.7427212
1750,0.062428523,0.17705846,0.0,3.1196313
1751,0.19484502,0.3414302,0.0,4.509968
1752,0.014304288,0.056058753,0.0,1.1474507
1753,0.051075228,0.14609425,0.0,3.8610187
1754,0.046058033,0.13995004,0.0,3.908791
1755,0.08637179,0.21250029,0.0,3.7559364
1756,0.087631136,0.21910253,0.0,3.4484494
1757,0.13921057,0.2843534,0.0,4.5916567
1758,0.06367315,0.18903573,0.0,7.432516
1759,0.21066096,0.4061794,0.0,5.960998
1760,0.05043113,0.122139215,0.0,2.2695568
1761,0.23495135,0.45437124,0.0,6.539009
1762,0.07509267,0.17740004,0.0,4.38253
1763,0.030550415,0.095704265,0.0,2.2489924
1764,0.03884909,0.092829384,0.0,1.8840802
1765,0.17224665,0.43413293,0.0,8.115553
1766,0.051534645,0.12637754,0.0,4.137939
1767,0.035814557,0.118201286,0.0,2.9114702
1768,0.113968104,0.23148377,0.0,2.9962547
1769,0.18458278,0.3710691,0.0,5.263063
1770,0.20205718,0.3735276,0.0,3.9406192
1771,0.0863343,0.21584831,0.0,5.233618
1772,0.024716418,0.09451381,0.0,2.9014468
1773,0.024382249,0.07676465,0.0,2.0340095
1774,0.17543103,0.31315777,0.0,4.2292175
1775,0.09444313,0.23291868,0.0,4.741541
1776,0.047624815,0.12397739,0.0,2.8556194
1777,0.116715476,0.2677918,0.0,3.6398735
1778,0.054947443,0.177718,0.0,5.0355816
1779,0.13251753,0.30353436,0.0,4.0171614
1780,0.08354467,0.2536408,0.0,5.1958494
1781,0.085831024,0.22649725,0.0,5.1844125
1782,0.028737687,0.098150246,0.0,2.8766255
1783,0.17015012,0.37488303,0.0,5.572788
1784,0.1319139,0.2611302,0.0,3.7225623
1785,0.2438916,0.45459598,0.0,8.092309
1786,0.034875914,0.116690435,0.0,3.0341494
1787,0.05652626,0.16020305,0.0,3.3280776
1788,0.05033288,0.1452661,0.0,2.568446
1789,0.06083855,0.13985935,0.0,3.3571236
1790,0.08435444,0.22664066,0.0,3.7481873
1791,0.03487004,0.15442547,0.0,4.4188714
1792,0.2334194,0.3936344,0.0,5.116456
1793,0.15674354,0.25394565,0.0,3.287722
1794,0.05734253,0.16857928,0.0,3.3528445
1795,0.15155151,0.40316802,0.0,8.58123
1796,0.040877707,0.12927675,0.0,2.9287658
1797,0.06595048,0.1468938,0.0,3.0054128
1798,0.25629437,0.43925458,0.0,4.5374365
1799,0.041758068,0.15433013,0.0,4.4926553
1800,0.059588954,0.1625017,0.0,3.1223133
1801,0.3748457,0.5997818,0.0,5.918553
1802,0.02124435,0.071252964,0.0,1.6862886
1803,0.07894912,0.15495338,0.0,1.9873849
1804,0.06480449,0.16843364,0.0,3.2581637
1805,0.057077825,0.15070188,0.0,3.235185
1806,0.095498644,0.20467116,0.0,6.184693
1807,0.05929421,0.15674412,0.0,3.0875142
1808,0.53835386,0.4498572,0.0,3.5536938
1809,0.08164558,0.2352916,0.0,4.4308357
1810,0.15480532,0.42865625,0.0,5.708233
1811,0.052786805,0.14282237,0.0,3.1564841
1812,0.20692837,0.346995,0.0,4.9168167
1813,0.03655281,0.122567356,0.0,2.253784
1814,0.059002306,0.14891288,0.0,3.2491367
1815,0.12990244,0.25546318,0.0,3.8732827
1816,0.06575866,0.16882515,0.0,3.353175
1817,0.051918715,0.16549242,0.0,2.706624
1818,0.06798455,0.16177277,0.0,2.6056907
1819,0.0862351,0.269862,0.0,6.1258907
1820,0.11234121,0.28498426,0.0,8.796387
1821,0.057322804,0.14775191,0.0,2.4622772
1822,0.11902601,0.25478637,0.0,4.9580593
1823,0.24555445,0.36858472,0.0,4.0456276
1824,0.086052194,0.17775151,0.0,2.660501
1825,0.2965961,0.40018597,0.0,4.7481833
1826,0.035078295,0.10440189,0.0,1.5863296
1827,0.07859578,0.193469,0.0,3.2423718
1828,0.07791762,0.16945143,0.0,3.2555935
1829,0.13168982,0.28644642,0.0,5.0923347
1830,0.18308596,0.32615048,0.0,4.7935395
1831,0.01974436,0.08394793,0.0,2.6890745
1832,0.61233467,0.8550407,0.0,7.4352946
1833,0.048390035,0.13675039,0.0,3.773572
1834,0.063453116,0.14737685,0.0,3.397764
1835,0.2586466,0.48222038,0.0,15.035637
1836,0.03152249,0.08509666,0.0,2.396705
1837,0.10339449,0.2578907,0.0,4.7995524
1838,0.09445914,0.23328882,0.0,6.819533
1839,0.094120584,0.1846292,0.0,4.4639025
1840,0.35780343,0.5781764,0.0,8.120167
1841,0.06132426,0.15746608,0.0,3.048222
1842,0.29779574,0.52919185,0.0,5.96876
1843,0.27369976,0.4533198,0.0,3.9842632
1844,0.13586967,0.23910272,0.0,2.9729648
1845,0.061133385,0.15271279,0.0,2.25149
1846,0.07753338,0.17654645,0.0,2.3607159
1847,0.15125796,0.2030679,0.0,1.7083708
1848,0.10628175,0.20442928,0.0,3.6493747
1849,0.05956269,0.18041779,0.0,3.8583148
1850,0.061877556,0.19509426,0.0,3.3636122
1851,0.04709712,0.12231707,0.0,2.2102735
1852,0.13870674,0.22834685,0.0,4.2837944
1853,0.08453249,0.19604425,0.0,2.822524
1854,0.093490176,0.20142248,0.0,2.7314227
1855,0.032047633,0.10310408,0.0,3.8981192
1856,0.13855882,0.28199705,0.0,5.0817685
1857,0.10919425,0.22105339,0.0,3.0938833
1858,0.080595694,0.2191236,0.0,3.7515643
1859,0.0576881,0.15815675,0.0,2.968844
1860,0.056886945,0.17960316,0.0,5.3246098
1861,0.020413145,0.094388686,0.0,3.044395
1862,0.07202858,0.20035802,0.0,4.2288337
1863,0.08032393,0.2130743,0.0,4.6034427
1864,0.09144171,0.22547352,0.0,4.380388
1865,0.06484292,0.16154714,0.0,3.247918
1866,0.059096802,0.14178006,0.0,3.6451375
1867,0.040129784,0.141969,0.0,5.253859
1868,0.09624375,0.23075566,0.0,7.2880507
1869,0.12023876,0.25113696,0.0,3.4843893
1870,0.121692665,0.29522172,0.0,3.9640374
1871,0.06684419,0.15815052,0.0,4.1107364
1872,0.02879594,0.097863495,0.0,3.2065024
1873,0.047634095,0.11068858,0.0,1.8483634
1874,0.053297304,0.134772,0.0,2.154411
1875,0.022870773,0.06267945,0.0,2.4727113
1876,0.0428807,0.12274663,0.0,2.4359622
1877,0.029017743,0.0915811,0.0,2.2176943
1878,0.11945351,0.25609362,0.0,6.7175655
1879,0.0629623,0.15580818,0.0,4.7605934
1880,0.04540166,0.12288193,0.0,3.0213635
1881,0.077192195,0.17804076,0.0,2.7061806
1882,0.22118142,0.33458546,0.0,5.0112104
1883,0.054972198,0.15933007,0.0,3.0098436
1884,0.04111397,0.10910078,0.0,1.9206481
1885,0.050960574,0.19508414,0.0,7.3091316
1886,0.0369829,0.1094674,0.0,4.232174
1887,0.067751095,0.1849113,0.0,5.028729
1888,0.066395506,0.15797113,0.0,4.509504
1889,0.11613281,0.29685488,0.0,7.344412
1890,0.09942727,0.20735808,0.0,2.633505
1891,0.17415886,0.33525464,0.0,3.6703544
1892,0.07008646,0.15997748,0.0,3.082072
1893,0.21462543,0.4911349,0.0,7.2066574
1894,0.030598002,0.103845686,0.0,2.0774572
1895,0.046242982,0.108420044,0.0,1.7229792
1896,0.05630628,0.12791504,0.0,2.025963
1897,0.058692243,0.21388981,0.0,8.239714
1898,0.099633336,0.21916345,0.0,4.548664
1899,0.28067666,0.45052782,0.0,8.107434
1900,0.088555515,0.19163361,0.0,3.6143398
1901,0.21428545,0.4391038,0.0,7.9483333
1902,0.026988309,0.11727246,0.0,4.617769
1903,0.05540802,0.17583147,0.0,3.7826853
1904,0.017057525,0.059529517,0.0,1.185162
1905,0.057964355,0.15227151,0.0,2.9763699
1906,0.037975606,0.11500543,0.0,3.8483593
1907,0.043839574,0.13067248,0.0,5.516258
1908,0.2024028,0.5343976,0.0,12.343069
1909,0.037324823,0.1131335,0.0,2.2124708
1910,0.10354109,0.2356103,0.0,3.9998455
1911,0.09549296,0.26475528,0.0,7.3015933
1912,0.086708575,0.20902485,0.0,4.689216
1913,0.092343956,0.22535141,0.0,4.8465424
1914,0.035978097,0.12471165,0.0,3.02157
1915,0.039698668,0.13644533,0.0,3.5032675
1916,0.02030643,0.086420126,0.0,3.4161704
1917,0.10526664,0.2041226,0.0,2.6352465
1918,0.033722978,0.11324232,0.0,5.562238
1919,0.07069155,0.23223853,0.0,7.0069675
1920,0.029575735,0.1269826,0.0,3.5147367
1921,0.049158875,0.14561461,0.0,3.250117
1922,0.06498386,0.1768211,0.0,4.937216
1923,0.050889935,0.12825954,0.0,3.6630418
1924,0.023978919,0.08454021,0.0,3.2375023
1925,0.014500772,0.056681994,0.0,1.6977586
1926,0.34754294,0.9230167,0.0,13.689388
1927,0.2345519,0.45485687,0.0,8.445614
1928,0.036466904,0.11611842,0.0,2.4840608
1929,0.0989306,0.20653443,0.0,3.7719727
1930,0.08956221,0.21481723,0.0,4.1774235
1931,0.047157954,0.15386268,0.0,3.3863127
1932,0.18089837,0.2661833,0.0,2.9069889
1933,0.06440224,0.16325188,0.0,2.6851988
1934,0.067682356,0.15626591,0.0,3.4034238
1935,0.26711342,0.41348448,0.0,4.814964
1936,0.11065446,0.19990681,0.0,4.0998745
1937,0.04273309,0.1325735,0.0,2.4593976
1938,0.04085508,0.13071087,0.0,3.0184898
1939,0.08462081,0.21780024,0.0,4.296956
1940,0.022303175,0.09514557,0.0,3.701568
1941,0.054105073,0.1269497,0.0,2.584787
1942,0.051909953,0.13906918,0.0,4.3722897
1943,0.04635759,0.12693144,0.0,2.3521771
1944,0.035342917,0.11729314,0.0,2.5212069
1945,0.40927115,0.83207893,0.0,7.4978786
1946,0.5285254,0.6359237,0.0,5.4746604
1947,0.08483288,0.19381176,0.0,3.297976
1948,0.103717946,0.2055503,0.0,3.4886265
1949,0.03804269,0.10483187,0.0,1.8428812
1950,0.03339115,0.12321628,0.0,4.323336
1951,0.05388993,0.12746975,0.0,2.593409
1952,0.13574949,0.32543394,0.0,7.8805914
1953,0.25288182,0.28730404,0.0,3.5632336
1954,0.12948605,0.27357885,0.0,5.5917873
1955,0.06178255,0.14384753,0.0,3.4628272
1956,0.043988165,0.16847762,0.0,3.5650532
1957,0.054727722,0.15573646,0.0,2.7279177
1958,0.24675845,0.37512174,0.0,5.3877354
1959,0.07823101,0.17005242,0.0,2.8568158
1960,0.13453738,0.2774698,0.0,6.440924
1961,0.051546916,0.15374069,0.0,4.712466
1962,0.037747484,0.10838996,0.0,2.3094835
1963,0.113792896,0.20825905,0.0,3.1863692
1964,0.07968333,0.16740997,0.0,2.682828
1965,0.063363805,0.19539292,0.0,4.7011447
1966,0.14473961,0.25496295,0.0,4.177042
1967,0.44399628,1.0649984,0.0,10.442806
1968,0.11012805,0.19332595,0.0,3.105716
1969,0.010950807,0.05432005,0.0,1.733546
1970,0.04810694,0.16394714,0.0,3.388558
1971,0.48586598,0.63506085,0.0,5.591016
1972,0.07178651,0.17973338,0.0,3.6655684
1973,0.15962464,0.2724722,0.0,3.1850932
1974,0.23384695,0.366956,0.0,4.2612047
1975,0.53935134,0.68280673,0.0,5.3696527
1976,0.07141665,0.17732367,0.0,3.5893767
1977,0.025654973,0.11506796,0.0,4.76066
1978,0.10909302,0.29649213,0.0,4.8284593
1979,0.076350294,0.15180247,0.0,2.399829
1980,0.17673066,0.30748942,0.0,4.203916
1981,0.0963911,0.21230283,0.0,5.679313
1982,0.02338912,0.08098957,0.0,2.3789542
1983,0.020478489,0.07669072,0.0,1.8502824
1984,0.06900334,0.18745017,0.0,5.0025253
1985,0.054035053,0.14707083,0.0,3.4173033
1986,0.047046337,0.13295951,0.0,2.8835297
1987,0.07289726,0.15783364,0.0,2.7465005
1988,0.06896284,0.19632766,0.0,10.358421
1989,0.09117039,0.22601663,0.0,4.965056
1990,0.09983634,0.22169168,0.0,3.2926319
1991,0.060302783,0.20549908,0.0,4.0930066
1992,0.093577765,0.22191903,0.0,4.3865376
1993,0.05992401,0.15295564,0.0,4.5201945
1994,0.09740776,0.27976915,0.0,7.222433
1995,0.046056874,0.118685804,0.0,4.127738
1996,0.47915113,0.62336993,0.0,6.0922103
1997,0.035923827,0.11067833,0.0,3.4770896
1998,0.03730805,0.09495535,0.0,2.6717672
1999,0.13981065,0.26135626,0.0,4.5997605
2000,0.076012045,0.17504953,0.0,3.8178406
2001,0.09086486,0.2046864,0.0,2.9571483
2002,0.014151136,0.04875293,0.0,1.3751446
2003,0.05783996,0.15337272,0.0,2.6873474
2004,0.24423714,0.5012881,0.0,7.2295003
2005,0.15296417,0.3556801,0.0,6.0076556
2006,0.099593535,0.28601816,0.0,6.7667212
2007,0.08443835,0.25771236,0.0,10.220157
2008,0.09372912,0.20444603,0.0,2.7029438
2009,0.073926754,0.18656223,0.0,4.4490557
2010,0.23443122,0.37725326,0.0,5.7465744
2011,0.12201188,0.21763504,0.0,3.9439588
2012,0.08354667,0.18712457,0.0,4.8453326
2013,0.12686217,0.247935,0.0,3.9272797
2014,0.051381007,0.17450829,0.0,3.6106355
2015,0.07047108,0.21929063,0.0,6.3451543
2016,0.16010727,0.3169591,0.0,4.6397743
2017,0.026697068,0.07902245,0.0,2.0647786
2018,0.033022642,0.10181261,0.0,2.0125527
2019,0.0902281,0.216984,0.0,3.7549508
2020,0.092189394,0.22855124,0.0,4.3874445
2021,0.11392556,0.26763907,0.0,5.031926
2022,0.023291042,0.08227197,0.0,2.9299028
2023,0.067117155,0.15187985,0.0,2.3721318
2024,0.048660684,0.18678147,0.0,5.018685
2025,0.26369193,0.6635959,0.0,14.114289
2026,0.0127856,0.07232322,0.0,3.3636556
2027,0.050821036,0.12784226,0.0,3.0319273
2028,0.0262865,0.11120969,0.0,3.3418174
2029,0.055947676,0.12375314,0.0,2.1617491
2030,0.037477512,0.110147804,0.0,3.860259
2031,0.07181895,0.19528857,0.0,5.069834
2032,0.037207484,0.10849881,0.0,2.5204623
2033,0.117551744,0.22774531,0.0,2.6852946
2034,0.43123677,0.6891321,0.0,7.01698
2035,0.018350923,0.06290114,0.0,1.4264418
2036,0.032591578,0.0969927,0.0,2.3630261
2037,0.043668497,0.11105886,0.0,2.9330325
2038,0.040538874,0.13968456,0.0,4.386063
2039,0.081491105,0.17300223,0.0,2.546651
2040,0.10631017,0.22144218,0.0,4.79966
2041,0.12483623,0.24544118,0.0,3.869149
2042,0.027243104,0.09874338,0.0,3.5261524
2043,0.091169395,0.1904323,0.0,2.8778768
2044,0.26785865,0.43873426,0.0,4.234864
2045,0.08197802,0.19855174,0.0,2.828614
2046,0.032646157,0.1080903,0.0,2.2951982
2047,0.09452517,0.19576548,0.0,3.9406517
