Feature,Data_Type,Missing_Count,Missing_Percentage,Unique_Values,Mean,Std,Minimum,Maximum
brightness,float64,2636,2.636,548,0.4942953966558482,0.12044314170848407,0.222,0.769
contrast,float64,2704,2.704,648,0.574618052129584,0.13958749312286178,0.222,0.869
saturation,float64,2921,2.921,695,0.44549464868818184,0.151801658337485,0.121,0.816
sharpness,float64,2743,2.743,643,0.6590363778442683,0.13321557205205184,0.286,0.929
colorfulness,float64,2670,2.67,700,0.5002058049933217,0.15365546611077377,0.15,0.849
face_count,float64,2060,2.06,5,0.9074229119869308,0.9989610769532005,0.0,4.0
text_in_image,float64,2385,2.385,2,0.2213696665471495,0.4151709323434234,0.0,1.0
visual_complexity,float64,2646,2.646,989,0.45404356266820056,0.2143923060042914,0.003,0.993
estimated_image_quality,float64,2639,2.6390000000000002,444,0.6505162231283574,0.06528896773564835,0.403,0.874
