mean_fit_time,std_fit_time,mean_score_time,std_score_time,param_classifier__min_samples_leaf,param_classifier__max_leaf_nodes,param_classifier__max_iter,param_classifier__learning_rate,param_classifier__l2_regularization,params,split0_test_score,split1_test_score,split2_test_score,mean_test_score,std_test_score,rank_test_score,split0_train_score,split1_train_score,split2_train_score,mean_train_score,std_train_score
9.042868057886759,0.04191802298264175,0.6766530672709147,0.018632478508790087,40,47,300,0.07,0.1,"{'classifier__min_samples_leaf': 40, 'classifier__max_leaf_nodes': 47, 'classifier__max_iter': 300, 'classifier__learning_rate': 0.07, 'classifier__l2_regularization': 0.1}",0.9026887163910451,0.9033262084223947,0.905497637440936,0.9038375207514586,0.0012023836297176962,1,0.9862749142182139,0.9861811636322727,0.9866876664041699,0.9863812480848856,0.00022002489690320384
6.641473054885864,0.06480279392745843,0.6688431898752848,0.005119708534361273,15,15,400,0.1,1.0,"{'classifier__min_samples_leaf': 15, 'classifier__max_leaf_nodes': 15, 'classifier__max_iter': 400, 'classifier__learning_rate': 0.1, 'classifier__l2_regularization': 1.0}",0.9047136910788615,0.9022387220159748,0.9037350933773345,0.9035625021573903,0.001017745469968773,2,0.9634747717173232,0.9647872799204995,0.9640941988225147,0.9641187501534457,0.0005361103877244787
7.712380886077881,1.282251211846852,0.5234313011169434,0.07578699396051503,60,63,400,0.12,1.0,"{'classifier__min_samples_leaf': 60, 'classifier__max_leaf_nodes': 63, 'classifier__max_iter': 400, 'classifier__learning_rate': 0.12, 'classifier__l2_regularization': 1.0}",0.9034012074849065,0.9008512393595081,0.9049351233780845,0.9030625234074997,0.0016843509823297148,3,0.9899311870699192,0.9890124313276958,0.9906438669516631,0.989862495116426,0.0006677996142274078
7.489082495371501,0.1394419580308445,0.5572340488433838,0.0008570304624856641,60,47,250,0.07,0.0,"{'classifier__min_samples_leaf': 60, 'classifier__max_leaf_nodes': 47, 'classifier__max_iter': 250, 'classifier__learning_rate': 0.07, 'classifier__l2_regularization': 0.0}",0.903251209359883,0.9014137323283459,0.9041476036900923,0.9029375151261071,0.0011379268312366733,4,0.9819811373821087,0.9815873849211557,0.9819439757003038,0.9818374993345227,0.00017750711249428034
7.594656944274902,0.6076318078129799,0.5396227041880289,0.05871683388777529,5,47,250,0.1,0.05,"{'classifier__min_samples_leaf': 5, 'classifier__max_leaf_nodes': 47, 'classifier__max_iter': 250, 'classifier__learning_rate': 0.1, 'classifier__l2_regularization': 0.05}",0.903513706078674,0.9002887463906701,0.9044476111902797,0.9027500212198746,0.0017816565377998606,5,0.9897624360152251,0.9863499146869668,0.9897813777327783,0.9886312428116567,0.001613161121637058
10.08253264427185,0.5830701509377384,0.6593096256256104,0.039753415668569825,30,63,300,0.08,0.05,"{'classifier__min_samples_leaf': 30, 'classifier__max_leaf_nodes': 63, 'classifier__max_iter': 300, 'classifier__learning_rate': 0.08, 'classifier__l2_regularization': 0.05}",0.9026137173285333,0.9005512431094611,0.9044101102527563,0.9025250235635837,0.001576623786313977,6,0.9907186919918249,0.9892374327339546,0.9902688716391045,0.9900749987882946,0.0006200657271437694
7.854313850402832,0.2376694050145673,0.45655353864034015,0.008266799923391173,10,63,400,0.12,0.05,"{'classifier__min_samples_leaf': 10, 'classifier__max_leaf_nodes': 63, 'classifier__max_iter': 400, 'classifier__learning_rate': 0.12, 'classifier__l2_regularization': 0.05}",0.9026137173285333,0.9003637454531819,0.9040351008775219,0.9023375212197458,0.0015114950393214108,7,0.9903436896480603,0.9889374308589429,0.9905313683578956,0.9899374962882996,0.000711291769377902
7.429974635442098,0.7076210373545692,0.7559719085693359,0.05433513368848312,30,15,500,0.08,0.1,"{'classifier__min_samples_leaf': 30, 'classifier__max_leaf_nodes': 15, 'classifier__max_iter': 500, 'classifier__learning_rate': 0.08, 'classifier__l2_regularization': 0.1}",0.9041511981100236,0.9003637454531819,0.9020100502512562,0.9021749979381539,0.0015506139024085738,8,0.9661935387096169,0.9547184669904187,0.9629129635879552,0.9612749897626637,0.004825732167553476
6.169855276743571,0.04122783430775118,0.46527957916259766,0.0032747406641888575,60,47,200,0.1,1.0,"{'classifier__min_samples_leaf': 60, 'classifier__max_leaf_nodes': 47, 'classifier__max_iter': 200, 'classifier__learning_rate': 0.1, 'classifier__l2_regularization': 1.0}",0.9035887051411857,0.8997262534218322,0.9028725718142954,0.9020625101257712,0.001677653773477573,9,0.9845311533197082,0.983462396639979,0.9841751978100274,0.9840562492565715,0.0004443510465786828
6.127272288004558,0.08062840667092554,0.3823212782541911,0.005296345464813712,15,63,150,0.08,0.5,"{'classifier__min_samples_leaf': 15, 'classifier__max_leaf_nodes': 63, 'classifier__max_iter': 150, 'classifier__learning_rate': 0.08, 'classifier__l2_regularization': 0.5}",0.9017887276409045,0.900326245921926,0.9035850896272407,0.9019000210633571,0.001332742846745821,10,0.9780623628897681,0.9771061069131682,0.9784940188247647,0.9778874962092337,0.0005799474893233566
11.942506392796835,1.6937126197490953,0.555775006612142,0.07799335945375448,5,95,400,0.08,0.5,"{'classifier__min_samples_leaf': 5, 'classifier__max_leaf_nodes': 95, 'classifier__max_iter': 400, 'classifier__learning_rate': 0.08, 'classifier__l2_regularization': 0.5}",0.9019387257659279,0.9006637417032287,0.9030225755643891,0.9018750143445152,0.0009640431024434081,11,0.9908311926949543,0.9894436840230252,0.9901751228109649,0.9901499998429815,0.000566726536823465
4.861198504765828,0.05160128058801251,0.37452467282613117,0.009683911833557147,40,47,150,0.1,0.05,"{'classifier__min_samples_leaf': 40, 'classifier__max_leaf_nodes': 47, 'classifier__max_iter': 150, 'classifier__learning_rate': 0.1, 'classifier__l2_regularization': 0.05}",0.9030262121723478,0.9011887351408108,0.9014100352508813,0.9018749941880132,0.0008190321810001251,12,0.9762623516396978,0.9760748504678154,0.9765065436682041,0.9762812485919058,0.00017674383707789524
6.073064009348552,0.040045318644021326,0.38266921043395996,0.010099670838248776,15,63,150,0.1,0.5,"{'classifier__min_samples_leaf': 15, 'classifier__max_leaf_nodes': 63, 'classifier__max_iter': 150, 'classifier__learning_rate': 0.1, 'classifier__l2_regularization': 0.5}",0.9028387145160686,0.898976262796715,0.9026100652516313,0.9014750141881382,0.0017693480924974795,13,0.98514990718692,0.9843999024993906,0.9849064386695167,0.9848187494519425,0.0003124033791837135
5.60466464360555,0.41826215678400386,0.5851828257242838,0.03918751378588372,40,15,400,0.12,0.0,"{'classifier__min_samples_leaf': 40, 'classifier__max_leaf_nodes': 15, 'classifier__max_iter': 400, 'classifier__learning_rate': 0.12, 'classifier__l2_regularization': 0.0}",0.9024262196722541,0.8977387782652717,0.9026100652516313,0.9009250210630523,0.002254263689703149,14,0.9689123057019107,0.9609060056625354,0.9710503618704767,0.966956224411641,0.004366286082321135
7.5874424775441485,0.24485163446902236,0.40172163645426434,0.007686611525210338,60,95,150,0.12,0.05,"{'classifier__min_samples_leaf': 60, 'classifier__max_leaf_nodes': 95, 'classifier__max_iter': 150, 'classifier__learning_rate': 0.12, 'classifier__l2_regularization': 0.05}",0.8999137510781116,0.8998762515468557,0.9008850221255531,0.9002250082501734,0.0004669513111530684,15,0.9905124407027543,0.98918118238239,0.9900251246859414,0.9899062492570286,0.0005499458789034125
18.799564123153687,0.3359466914258579,0.7378655274709066,0.010024651742652142,30,127,300,0.03,0.01,"{'classifier__min_samples_leaf': 30, 'classifier__max_leaf_nodes': 127, 'classifier__max_iter': 300, 'classifier__learning_rate': 0.03, 'classifier__l2_regularization': 0.01}",0.8991637604529943,0.8979637754528068,0.9016725418135454,0.8996000259064489,0.0015452039000392896,16,0.9893686835542722,0.9879624247651548,0.9891626354670566,0.9888312479288279,0.0006200829088987183
8.083755413691202,0.2200110380942126,0.3568108081817627,0.046713700267076066,10,127,250,0.15,0.5,"{'classifier__min_samples_leaf': 10, 'classifier__max_leaf_nodes': 127, 'classifier__max_iter': 250, 'classifier__learning_rate': 0.15, 'classifier__l2_regularization': 0.5}",0.8994262571717854,0.8974387820152248,0.9015225380634516,0.8994625257501538,0.0016673836636459376,17,0.9902686891793073,0.9894436840230252,0.9904001199985,0.9900374977336108,0.00042330411228653033
25.987888892491657,1.0150034406947936,1.0477261543273926,0.041857350638514736,60,127,500,0.03,0.5,"{'classifier__min_samples_leaf': 60, 'classifier__max_leaf_nodes': 127, 'classifier__max_iter': 500, 'classifier__learning_rate': 0.03, 'classifier__l2_regularization': 0.5}",0.899538755765553,0.8981512731090862,0.9002100052501313,0.8993000113749234,0.0008572606255532226,18,0.9905311908199427,0.989106181913637,0.9902876214047325,0.989974998046104,0.0006223410742418426
10.010480244954428,0.020505700255411534,0.6789587338765463,0.012834408027018528,15,47,300,0.03,0.05,"{'classifier__min_samples_leaf': 15, 'classifier__max_leaf_nodes': 47, 'classifier__max_iter': 300, 'classifier__learning_rate': 0.03, 'classifier__l2_regularization': 0.05}",0.9000637492031349,0.8960887988900139,0.9000225005625141,0.8987250162185543,0.0018641632108555228,19,0.9509309433183958,0.9499371871074194,0.9511568605392433,0.9506749969883529,0.0005298000962445766
4.0177944501241045,0.0737947244660953,0.34899059931437176,0.007160822925311058,30,31,150,0.08,0.05,"{'classifier__min_samples_leaf': 30, 'classifier__max_leaf_nodes': 31, 'classifier__max_iter': 150, 'classifier__learning_rate': 0.08, 'classifier__l2_regularization': 0.05}",0.8981137735778303,0.8958263021712228,0.898897472436811,0.8976125160619547,0.0013029366889132873,20,0.9459996624978906,0.943693398083738,0.9443506956163048,0.9446812520659776,0.0009701080908201137
3.9942670663197837,0.05398955031801496,0.3604849974314372,0.005251628625545816,60,31,150,0.07,0.0,"{'classifier__min_samples_leaf': 60, 'classifier__max_leaf_nodes': 31, 'classifier__max_iter': 150, 'classifier__learning_rate': 0.07, 'classifier__l2_regularization': 0.0}",0.8978512768590393,0.8969887876401546,0.8964224105602641,0.8970874916864858,0.0005874927469144173,21,0.938124613278833,0.937562109763186,0.9362132973337833,0.9373000067919341,0.0008019998487550066
12.679370482762655,0.12183565568378317,0.9946444034576416,0.03608772846152847,5,31,500,0.02,0.1,"{'classifier__min_samples_leaf': 5, 'classifier__max_leaf_nodes': 31, 'classifier__max_iter': 500, 'classifier__learning_rate': 0.02, 'classifier__l2_regularization': 0.1}",0.8960887988900139,0.8962012974837814,0.8976599414985375,0.8966500126241109,0.0007156028842639079,22,0.9356495978099864,0.935949599684998,0.9357820527243409,0.9357937500731084,0.00012275423204862387
3.6317197481791177,0.00447552392528883,0.38748979568481445,0.0017101139066644526,15,15,200,0.12,0.5,"{'classifier__min_samples_leaf': 15, 'classifier__max_leaf_nodes': 15, 'classifier__max_iter': 200, 'classifier__learning_rate': 0.12, 'classifier__l2_regularization': 0.5}",0.8972137848276897,0.8958263021712228,0.8955223880597015,0.8961874916862046,0.0007362287488680781,23,0.9383871149194682,0.939980874880468,0.9391945100686241,0.9391874999561868,0.0006506686609833357
8.569630146026611,0.05473514235201869,0.9380520979563395,0.0633790001164635,30,15,500,0.03,0.0,"{'classifier__min_samples_leaf': 30, 'classifier__max_leaf_nodes': 15, 'classifier__max_iter': 500, 'classifier__learning_rate': 0.03, 'classifier__l2_regularization': 0.0}",0.8904263696703791,0.885663929200885,0.8876471911797795,0.8879124966836812,0.001953287837496785,24,0.9165619785123656,0.9156619728873305,0.9170697866276671,0.9164312460091212,0.0005821243409121307
2.98010516166687,0.012475744370016362,0.34041937192281085,0.005130995268893418,60,15,150,0.03,0.2,"{'classifier__min_samples_leaf': 60, 'classifier__max_leaf_nodes': 15, 'classifier__max_iter': 150, 'classifier__learning_rate': 0.03, 'classifier__l2_regularization': 0.2}",0.828064649191885,0.8261521730978363,0.827345683642091,0.8271875019772708,0.0007887362389252761,25,0.8350177188607428,0.8375864849155307,0.8376645291933851,0.8367562443232194,0.0012297359649090832
